TimestampMs,SubjectUUID,EAR,PERCLOS,ComplexityIndex,FatigueScore,AlertLevel
1790869797067,SUBJ-4245-6C90,0.1110,1.0000,2.2052,57.62,1
1790869799386,SUBJ-4245-6C90,0.1110,1.0000,0.6715,71.25,1
1790869801610,SUBJ-4245-6C90,0.1110,1.0000,0.3975,73.69,1
1790869803613,SUBJ-4245-6C90,0.1110,1.0000,0.2856,74.68,1
1790869805611,SUBJ-4245-6C90,0.1110,1.0000,0.2212,75.00,1
1790869807611,SUBJ-4245-6C90,0.1110,1.0000,0.1816,75.00,1
1790869809610,SUBJ-4245-6C90,0.1110,1.0000,0.1533,75.00,1
1790869811611,SUBJ-4245-6C90,0.1110,1.0000,0.1332,75.00,1
1790869813611,SUBJ-4245-6C90,0.1110,1.0000,0.1173,75.00,1
1790869815610,SUBJ-4245-6C90,0.1110,1.0000,0.1052,75.00,1
1790869817611,SUBJ-4245-6C90,0.1110,1.0000,0.1038,75.00,1
1790869819611,SUBJ-4245-6C90,0.1110,1.0000,0.1038,75.00,1
1790869821611,SUBJ-4245-6C90,0.1110,1.0000,0.1038,75.00,1
1790869823610,SUBJ-4245-6C90,0.1110,1.0000,0.1267,75.00,1
1790869825610,SUBJ-4245-6C90,0.1110,1.0000,0.2406,75.00,1
1790869827674,SUBJ-4245-6C90,0.1110,1.0000,0.2406,75.00,1
1790869829674,SUBJ-4245-6C90,0.1110,1.0000,0.2406,75.00,1
1790869831674,SUBJ-4245-6C90,0.1110,1.0000,0.2406,75.00,1
1790869833659,SUBJ-4245-6C90,0.1110,1.0000,0.2406,75.00,1
1790869835403,SUBJ-4245-6C90,0.1110,1.0000,0.2406,75.00,1
1790869837164,SUBJ-4245-6C90,0.1110,1.0000,0.2406,75.00,1
1790869838906,SUBJ-4245-6C90,0.1110,1.0000,0.2406,75.00,1
1790869840714,SUBJ-4245-6C90,0.1110,1.0000,0.2406,75.00,1
1790869842476,SUBJ-4245-6C90,0.1110,1.0000,0.1038,75.00,1
1790869844219,SUBJ-4245-6C90,0.1110,1.0000,0.1038,75.00,1
1790869845966,SUBJ-4245-6C90,0.1110,1.0000,0.1038,75.00,1
1790869847722,SUBJ-4245-6C90,0.1110,1.0000,0.1038,75.00,1
1790869849530,SUBJ-4245-6C90,0.1110,1.0000,0.1038,75.00,1
1790869851338,SUBJ-4245-6C90,0.1110,1.0000,0.1038,75.00,1
1790869853082,SUBJ-4245-6C90,0.1110,1.0000,0.1038,75.00,1
1790869854843,SUBJ-4245-6C90,0.1110,1.0000,0.1038,75.00,1
1790869856651,SUBJ-4245-6C90,0.1110,1.0000,0.1038,75.00,1
1790869858395,SUBJ-4245-6C90,0.1110,1.0000,0.1038,75.00,1
1790869860143,SUBJ-4245-6C90,0.1110,1.0000,0.1038,75.00,1
1790869861903,SUBJ-4245-6C90,0.1110,1.0000,0.1038,75.00,1
1790869863642,SUBJ-4245-6C90,0.1110,1.0000,0.1038,75.00,1
1790869865386,SUBJ-4245-6C90,0.1110,1.0000,0.1038,75.00,1
1790869867147,SUBJ-4245-6C90,0.1110,1.0000,0.1038,75.00,1
1790869868891,SUBJ-4245-6C90,0.1110,1.0000,0.1038,75.00,1
1790869870651,SUBJ-4245-6C90,0.1110,1.0000,0.1038,75.00,1
1790869872395,SUBJ-4245-6C90,0.1110,1.0000,0.1038,75.00,1
1790869874138,SUBJ-4245-6C90,0.1110,1.0000,0.1038,75.00,1
1790869875898,SUBJ-4245-6C90,0.1110,1.0000,0.1038,75.00,1
1790869877642,SUBJ-4245-6C90,0.1110,1.0000,0.1038,75.00,1
1790869879386,SUBJ-4245-6C90,0.1110,1.0000,0.1038,75.00,1
1790869881146,SUBJ-4245-6C90,0.1110,1.0000,0.1038,75.00,1
1790869882832,SUBJ-4245-6C90,0.1110,1.0000,0.2146,75.00,1
1790869884330,SUBJ-4245-6C90,0.1110,1.0000,0.2146,75.00,1
1790869885835,SUBJ-4245-6C90,0.1110,1.0000,0.2146,75.00,1
1790869887323,SUBJ-4245-6C90,0.1110,1.0000,0.2146,75.00,1
1790869888834,SUBJ-4245-6C90,0.1110,1.0000,0.2146,75.00,1
1790869890332,SUBJ-4245-6C90,0.1110,1.0000,0.2146,75.00,1
1790869891836,SUBJ-4245-6C90,0.1110,1.0000,0.2146,75.00,1
1790869893370,SUBJ-4245-6C90,0.1110,1.0000,0.2146,75.00,1
1790869894877,SUBJ-4245-6C90,0.1110,1.0000,0.2146,75.00,1
1790869896378,SUBJ-4245-6C90,0.1110,1.0000,0.2146,75.00,1
1790869897934,SUBJ-4245-6C90,0.1110,1.0000,0.1038,75.00,1
1790869899434,SUBJ-4245-6C90,0.1110,1.0000,0.1038,75.00,1
1790869900924,SUBJ-4245-6C90,0.1110,1.0000,0.1038,75.00,1
1790869902428,SUBJ-4245-6C90,0.1110,1.0000,0.1038,75.00,1
1790869903930,SUBJ-4245-6C90,0.1110,1.0000,0.1038,75.00,1
1790869905435,SUBJ-4245-6C90,0.1110,1.0000,0.1038,75.00,1
1790869906922,SUBJ-4245-6C90,0.1110,1.0000,0.1038,75.00,1
1790869908426,SUBJ-4245-6C90,0.1110,1.0000,0.1038,75.00,1
1790869909931,SUBJ-4245-6C90,0.1110,1.0000,0.1038,75.00,1
1790869911436,SUBJ-4245-6C90,0.1110,1.0000,0.1038,75.00,1
1790869912923,SUBJ-4245-6C90,0.1110,1.0000,0.1038,75.00,1
1790869914427,SUBJ-4245-6C90,0.1110,1.0000,0.1038,75.00,1
1790869915930,SUBJ-4245-6C90,0.1110,1.0000,0.1038,75.00,1
1790869917435,SUBJ-4245-6C90,0.1110,1.0000,0.1038,75.00,1
1790869918974,SUBJ-4245-6C90,0.1110,1.0000,0.1038,75.00,1
1790869920474,SUBJ-4245-6C90,0.1110,1.0000,0.1038,75.00,1
1790869921978,SUBJ-4245-6C90,0.1110,1.0000,0.1038,75.00,1
1790869923483,SUBJ-4245-6C90,0.1110,1.0000,0.1038,75.00,1
1790869924971,SUBJ-4245-6C90,0.1110,1.0000,0.1038,75.00,1
1790869926474,SUBJ-4245-6C90,0.1110,1.0000,0.1038,75.00,1
1790869928028,SUBJ-4245-6C90,0.1110,1.0000,0.1038,75.00,1
1790869929530,SUBJ-4245-6C90,0.1110,1.0000,0.1038,75.00,1
1790869931035,SUBJ-4245-6C90,0.1110,1.0000,0.1038,75.00,1
1790869932522,SUBJ-4245-6C90,0.1110,1.0000,0.1038,75.00,1
1790869934026,SUBJ-4245-6C90,0.1110,1.0000,0.1038,75.00,1
1790869935530,SUBJ-4245-6C90,0.1110,1.0000,0.1038,75.00,1
1790869937034,SUBJ-4245-6C90,0.1110,1.0000,0.1038,75.00,1
1790869938523,SUBJ-4245-6C90,0.1110,1.0000,0.1038,75.00,1
1790869940074,SUBJ-4245-6C90,0.1110,1.0000,0.1038,75.00,1
1790869941578,SUBJ-4245-6C90,0.1110,1.0000,0.1038,75.00,1
1790869943085,SUBJ-4245-6C90,0.1110,1.0000,0.1038,75.00,1
1790869944635,SUBJ-4245-6C90,0.1110,1.0000,0.1038,75.00,1
1790869946122,SUBJ-4245-6C90,0.1110,1.0000,0.1038,75.00,1
1790869947627,SUBJ-4245-6C90,0.1110,1.0000,0.1038,75.00,1
1790869949132,SUBJ-4245-6C90,0.1110,1.0000,0.1038,75.00,1
1790869950683,SUBJ-4245-6C90,0.1110,1.0000,0.1038,75.00,1
1790869952187,SUBJ-4245-6C90,0.1110,1.0000,0.1038,75.00,1
1790869953676,SUBJ-4245-6C90,0.1110,1.0000,0.1038,75.00,1
1790869955180,SUBJ-4245-6C90,0.1110,1.0000,0.1038,75.00,1
1790869956683,SUBJ-4245-6C90,0.1110,1.0000,0.1038,75.00,1
1790869958236,SUBJ-4245-6C90,0.1110,1.0000,0.1038,75.00,1
1790869959723,SUBJ-4245-6C90,0.1110,1.0000,0.1038,75.00,1
1790869961226,SUBJ-4245-6C90,0.1110,1.0000,0.1038,75.00,1
1790869962731,SUBJ-4245-6C90,0.1110,1.0000,0.1038,75.00,1
1790869964234,SUBJ-4245-6C90,0.1110,1.0000,0.1038,75.00,1
1790869965723,SUBJ-4245-6C90,0.1110,1.0000,0.1038,75.00,1
1790869967228,SUBJ-4245-6C90,0.1110,1.0000,0.1038,75.00,1
1790869968732,SUBJ-4245-6C90,0.1110,1.0000,0.1038,75.00,1
1790869970236,SUBJ-4245-6C90,0.1110,1.0000,0.1038,75.00,1
1790869971722,SUBJ-4245-6C90,0.1110,1.0000,0.1038,75.00,1
1790869973226,SUBJ-4245-6C90,0.1110,1.0000,0.1038,75.00,1
1790869974732,SUBJ-4245-6C90,0.1110,1.0000,0.1038,75.00,1
1790869976235,SUBJ-4245-6C90,0.1110,1.0000,0.1038,75.00,1
1790869977788,SUBJ-4245-6C90,0.1110,1.0000,0.1038,75.00,1
1790869979275,SUBJ-4245-6C90,0.1110,1.0000,0.1038,75.00,1
1790869980828,SUBJ-4245-6C90,0.1110,1.0000,0.1038,75.00,1
1790869982331,SUBJ-4245-6C90,0.1110,1.0000,0.1038,75.00,1
1790869983834,SUBJ-4245-6C90,0.1110,1.0000,0.1038,75.00,1
1790869985436,SUBJ-4245-6C90,0.1110,1.0000,0.1038,75.00,1
1790869986923,SUBJ-4245-6C90,0.1110,1.0000,0.1038,75.00,1
1790869988426,SUBJ-4245-6C90,0.1110,1.0000,0.1038,75.00,1
1790869989932,SUBJ-4245-6C90,0.1110,1.0000,0.1038,75.00,1
1790869991435,SUBJ-4245-6C90,0.1110,1.0000,0.1038,75.00,1
1790869992924,SUBJ-4245-6C90,0.1110,1.0000,0.1038,75.00,1
1790869994427,SUBJ-4245-6C90,0.1110,1.0000,0.1038,75.00,1
1790869995932,SUBJ-4245-6C90,0.1110,1.0000,0.1038,75.00,1
1790869997435,SUBJ-4245-6C90,0.1110,1.0000,0.1038,75.00,1
1790869998986,SUBJ-4245-6C90,0.1110,1.0000,0.1038,75.00,1
1790870000476,SUBJ-4245-6C90,0.1110,1.0000,0.1038,75.00,1
1790870001979,SUBJ-4245-6C90,0.1110,1.0000,0.1038,75.00,1
1790870003483,SUBJ-4245-6C90,0.1110,1.0000,0.1038,75.00,1
1790870004987,SUBJ-4245-6C90,0.1110,1.0000,0.1038,75.00,1
1790870006587,SUBJ-4245-6C90,0.1110,1.0000,0.1038,75.00,1
1790870008123,SUBJ-4245-6C90,0.1110,1.0000,0.1038,75.00,1
1790870009627,SUBJ-4245-6C90,0.1110,1.0000,0.1038,75.00,1
1790870011178,SUBJ-4245-6C90,0.1110,1.0000,0.1038,75.00,1
1790870012683,SUBJ-4245-6C90,0.1110,1.0000,0.1038,75.00,1
1790870014186,SUBJ-4245-6C90,0.1110,1.0000,0.1038,75.00,1
1790870015676,SUBJ-4245-6C90,0.1110,1.0000,0.1038,75.00,1
1790870017227,SUBJ-4245-6C90,0.1110,1.0000,0.1038,75.00,1
1790870018738,SUBJ-4245-6C90,0.1110,1.0000,0.1038,75.00,1
1790870020236,SUBJ-4245-6C90,0.1110,1.0000,0.1038,75.00,1
1790870021788,SUBJ-4245-6C90,0.1110,1.0000,0.1038,75.00,1
1790870023276,SUBJ-4245-6C90,0.1110,1.0000,0.1038,75.00,1
1790870024780,SUBJ-4245-6C90,0.1110,1.0000,0.1038,75.00,1
1790870026285,SUBJ-4245-6C90,0.1110,1.0000,0.1038,75.00,1
1790870027788,SUBJ-4245-6C90,0.1110,1.0000,0.1038,75.00,1
1790870029276,SUBJ-4245-6C90,0.1110,1.0000,0.1038,75.00,1
1790870030780,SUBJ-4245-6C90,0.1110,1.0000,0.1038,75.00,1
1790870032284,SUBJ-4245-6C90,0.1110,1.0000,0.1038,75.00,1
1790870033788,SUBJ-4245-6C90,0.1110,1.0000,0.1038,75.00,1
1790870035277,SUBJ-4245-6C90,0.1110,1.0000,0.1038,75.00,1
1790870036780,SUBJ-4245-6C90,0.1110,1.0000,0.1038,75.00,1
1790870038285,SUBJ-4245-6C90,0.1110,1.0000,0.1038,75.00,1
1790870039789,SUBJ-4245-6C90,0.1110,1.0000,0.1038,75.00,1
1790870041277,SUBJ-4245-6C90,0.1110,1.0000,0.1038,75.00,1
1790870042780,SUBJ-4245-6C90,0.1110,1.0000,0.1038,75.00,1
1790870044383,SUBJ-4245-6C90,0.1110,1.0000,0.1038,75.00,1
1790870045933,SUBJ-4245-6C90,0.1110,1.0000,0.1038,75.00,1
1790870047437,SUBJ-4245-6C90,0.1110,1.0000,0.1038,75.00,1
1790870048924,SUBJ-4245-6C90,0.1110,1.0000,0.1038,75.00,1
1790870050429,SUBJ-4245-6C90,0.1110,1.0000,0.1038,75.00,1
1790870051932,SUBJ-4245-6C90,0.1110,1.0000,0.1038,75.00,1
1790870053436,SUBJ-4245-6C90,0.1110,1.0000,0.1038,75.00,1
1790870054925,SUBJ-4245-6C90,0.1110,1.0000,0.1038,75.00,1
1790870056428,SUBJ-4245-6C90,0.1110,1.0000,0.1038,75.00,1
1790870057933,SUBJ-4245-6C90,0.1110,1.0000,0.1038,75.00,1
1790870059436,SUBJ-4245-6C90,0.1110,1.0000,0.1038,75.00,1
1790870060924,SUBJ-4245-6C90,0.1110,1.0000,0.1038,75.00,1
1790870062428,SUBJ-4245-6C90,0.1110,1.0000,0.1038,75.00,1
1790870063932,SUBJ-4245-6C90,0.1110,1.0000,0.1038,75.00,1
1790870065440,SUBJ-4245-6C90,0.1110,1.0000,0.1038,75.00,1
1790870066942,SUBJ-4245-6C90,0.1110,1.0000,0.1038,75.00,1
1790870068430,SUBJ-4245-6C90,0.1110,1.0000,0.1038,75.00,1
1790870069932,SUBJ-4245-6C90,0.1110,1.0000,0.1038,75.00,1
1790870071484,SUBJ-4245-6C90,0.1110,1.0000,0.1038,75.00,1
1790870072987,SUBJ-4245-6C90,0.1110,1.0000,0.1038,75.00,1
1790870074475,SUBJ-4245-6C90,0.1110,1.0000,0.1038,75.00,1
1790870075979,SUBJ-4245-6C90,0.1110,1.0000,0.1038,75.00,1
1790870077483,SUBJ-4245-6C90,0.1110,1.0000,0.1038,75.00,1
1790870078987,SUBJ-4245-6C90,0.1136,1.0000,0.1093,75.00,1
1790870080475,SUBJ-4245-6C90,0.1119,1.0000,0.2103,75.00,1
1790870081978,SUBJ-4245-6C90,0.1110,1.0000,0.2934,74.61,1
1790870083483,SUBJ-4245-6C90,0.1110,1.0000,0.5498,72.33,1
1790870084988,SUBJ-4245-6C90,0.1110,1.0000,0.5143,72.65,1
1790870086475,SUBJ-4245-6C90,0.1110,1.0000,0.5498,72.33,1
1790870088026,SUBJ-4245-6C90,0.1110,1.0000,0.5143,72.65,1
1790870089531,SUBJ-4245-6C90,0.1110,1.0000,0.5498,72.33,1
1790870091085,SUBJ-4245-6C90,0.1110,1.0000,0.5143,72.65,1
1790870092587,SUBJ-4245-6C90,0.1110,1.0000,0.5498,72.33,1
1790870094075,SUBJ-4245-6C90,0.1110,1.0000,0.3222,74.36,1
1790870095628,SUBJ-4245-6C90,0.1110,1.0000,0.2229,75.00,1
1790870097132,SUBJ-4245-6C90,0.1110,1.0000,0.1079,75.00,1
1790870098640,SUBJ-4245-6C90,0.1110,1.0000,0.1038,75.00,1
1790870100140,SUBJ-4245-6C90,0.1110,1.0000,0.1038,75.00,1
1790870101627,SUBJ-4245-6C90,0.1110,1.0000,0.1038,75.00,1
1790870103132,SUBJ-4245-6C90,0.1110,1.0000,0.1038,75.00,1
1790870104636,SUBJ-4245-6C90,0.1110,1.0000,0.1038,75.00,1
1790870106139,SUBJ-4245-6C90,0.1110,1.0000,0.1038,75.00,1
1790870107627,SUBJ-4245-6C90,0.1110,1.0000,0.1038,75.00,1
1790870109132,SUBJ-4245-6C90,0.1110,1.0000,0.1038,75.00,1
1790870110636,SUBJ-4245-6C90,0.1110,1.0000,0.1038,75.00,1
1790870112138,SUBJ-4245-6C90,0.1110,1.0000,0.1038,75.00,1
1790870113627,SUBJ-4245-6C90,0.1110,1.0000,0.1038,75.00,1
1790870115131,SUBJ-4245-6C90,0.1110,1.0000,0.1038,75.00,1
1790870116683,SUBJ-4245-6C90,0.1110,1.0000,0.1038,75.00,1
1790870118235,SUBJ-4245-6C90,0.1110,1.0000,0.1038,75.00,1
1790870119740,SUBJ-4245-6C90,0.1110,1.0000,0.1038,75.00,1
1790870121276,SUBJ-4245-6C90,0.1110,1.0000,0.1038,75.00,1
1790870122780,SUBJ-4245-6C90,0.1110,1.0000,0.1038,75.00,1
1790870124285,SUBJ-4245-6C90,0.1110,1.0000,0.1038,75.00,1
1790870125787,SUBJ-4245-6C90,0.1110,1.0000,0.1038,75.00,1
1790870127340,SUBJ-4245-6C90,0.1110,1.0000,0.1038,75.00,1
1790870128829,SUBJ-4245-6C90,0.1110,1.0000,0.1038,75.00,1
1790870130332,SUBJ-4245-6C90,0.1110,1.0000,0.1038,75.00,1
1790870131836,SUBJ-4245-6C90,0.1110,1.0000,0.1038,75.00,1
1790870133338,SUBJ-4245-6C90,0.1110,1.0000,0.1038,75.00,1
1790870134827,SUBJ-4245-6C90,0.1110,1.0000,0.1038,75.00,1
1790870136331,SUBJ-4245-6C90,0.1110,1.0000,0.1038,75.00,1
1790870137835,SUBJ-4245-6C90,0.1110,1.0000,0.1038,75.00,1
1790870139340,SUBJ-4245-6C90,0.1110,1.0000,0.1038,75.00,1
1790870140826,SUBJ-4245-6C90,0.1110,1.0000,0.1786,75.00,1
1790870142332,SUBJ-4245-6C90,0.1110,1.0000,0.2486,75.00,1
1790870143836,SUBJ-4245-6C90,0.1110,1.0000,0.2486,75.00,1
1790870145339,SUBJ-4245-6C90,0.1110,1.0000,0.2486,75.00,1
1790870146827,SUBJ-4245-6C90,0.1110,1.0000,0.2486,75.00,1
1790870148331,SUBJ-4245-6C90,0.1110,1.0000,0.3988,73.68,1
1790870149836,SUBJ-4245-6C90,0.1110,1.0000,0.3988,73.68,1
1790870151339,SUBJ-4245-6C90,0.1110,1.0000,0.3988,73.68,1
1790870152826,SUBJ-4245-6C90,0.1110,1.0000,0.4818,72.94,1
1790870154332,SUBJ-4245-6C90,0.1110,1.0000,0.5787,72.08,1
1790870155838,SUBJ-4245-6C90,0.1110,1.0000,0.5179,72.62,1
1790870157339,SUBJ-4245-6C90,0.1110,1.0000,0.5190,72.61,1
1790870158827,SUBJ-4245-6C90,0.1110,1.0000,0.5179,72.62,1
1790870160332,SUBJ-4245-6C90,0.1110,1.0000,0.5190,72.61,1
1790870161835,SUBJ-4245-6C90,0.1110,1.0000,0.5179,72.62,1
1790870163338,SUBJ-4245-6C90,0.1110,1.0000,0.3500,74.11,1
1790870164828,SUBJ-4245-6C90,0.1110,1.0000,0.3494,74.12,1
1790870166332,SUBJ-4245-6C90,0.1110,1.0000,0.2217,75.00,1
1790870167835,SUBJ-4245-6C90,0.1110,1.0000,0.1365,75.00,1
1790870169339,SUBJ-4245-6C90,0.1110,1.0000,0.1038,75.00,1
1790870170827,SUBJ-4245-6C90,0.1110,1.0000,0.1038,75.00,1
1790870172331,SUBJ-4245-6C90,0.1110,1.0000,0.1038,75.00,1
1790870173835,SUBJ-4245-6C90,0.1110,1.0000,0.1038,75.00,1
1790870175340,SUBJ-4245-6C90,0.1110,1.0000,0.1038,75.00,1
1790870176827,SUBJ-4245-6C90,0.1110,1.0000,0.1038,75.00,1
1790870178331,SUBJ-4245-6C90,0.1110,1.0000,0.1038,75.00,1
1790870179835,SUBJ-4245-6C90,0.1110,1.0000,0.1038,75.00,1
1790870181340,SUBJ-4245-6C90,0.1110,1.0000,0.1038,75.00,1
1790870182827,SUBJ-4245-6C90,0.1110,1.0000,0.1038,75.00,1
1790870184331,SUBJ-4245-6C90,0.1110,1.0000,0.1038,75.00,1
1790870185835,SUBJ-4245-6C90,0.1110,1.0000,0.1038,75.00,1
1790870187340,SUBJ-4245-6C90,0.1110,1.0000,0.1038,75.00,1
1790870188875,SUBJ-4245-6C90,0.1110,1.0000,0.1038,75.00,1
1790870190379,SUBJ-4245-6C90,0.1110,1.0000,0.1038,75.00,1
1790870191883,SUBJ-4245-6C90,0.1110,1.0000,0.1038,75.00,1
1790870193436,SUBJ-4245-6C90,0.1110,1.0000,0.1038,75.00,1
1790870194938,SUBJ-4245-6C90,0.1110,1.0000,0.1038,75.00,1
1790870196426,SUBJ-4245-6C90,0.1110,1.0000,0.1038,75.00,1
1790870197932,SUBJ-4245-6C90,0.1110,1.0000,0.1038,75.00,1
1790870199436,SUBJ-4245-6C90,0.1110,1.0000,0.1038,75.00,1
1790870200940,SUBJ-4245-6C90,0.1110,1.0000,0.2170,75.00,1
1790870202426,SUBJ-4245-6C90,0.1110,1.0000,0.2162,75.00,1
1790870203931,SUBJ-4245-6C90,0.1110,1.0000,0.2170,75.00,1
1790870205436,SUBJ-4245-6C90,0.1110,1.0000,0.2162,75.00,1
1790870206939,SUBJ-4245-6C90,0.1110,1.0000,0.2170,75.00,1
1790870208427,SUBJ-4245-6C90,0.1110,1.0000,0.2162,75.00,1
1790870209932,SUBJ-4245-6C90,0.1110,1.0000,0.2170,75.00,1
1790870211434,SUBJ-4245-6C90,0.1110,1.0000,0.2162,75.00,1
1790870212939,SUBJ-4245-6C90,0.1110,1.0000,0.2170,75.00,1
1790870214426,SUBJ-4245-6C90,0.1110,1.0000,0.1784,75.00,1
1790870215930,SUBJ-4245-6C90,0.1110,1.0000,0.1038,75.00,1
1790870217435,SUBJ-4245-6C90,0.1110,1.0000,0.3330,74.26,1
1790870218938,SUBJ-4245-6C90,0.1110,1.0000,0.3330,74.26,1
1790870220428,SUBJ-4245-6C90,0.1110,1.0000,0.3330,74.26,1
1790870222026,SUBJ-4245-6C90,0.1110,1.0000,0.3330,74.26,1
1790870223530,SUBJ-4245-6C90,0.1110,1.0000,0.3330,74.26,1
1790870225034,SUBJ-4245-6C90,0.1110,1.0000,0.3330,74.26,1
1790870226538,SUBJ-4245-6C90,0.1110,1.0000,0.3330,74.26,1
1790870228026,SUBJ-4245-6C90,0.1110,1.0000,0.3330,74.26,1
1790870229531,SUBJ-4245-6C90,0.1110,1.0000,0.3330,74.26,1
1790870231034,SUBJ-4245-6C90,0.1110,1.0000,0.2146,75.00,1
1790870232538,SUBJ-4245-6C90,0.1110,1.0000,0.1038,75.00,1
1790870234026,SUBJ-4245-6C90,0.1110,1.0000,0.1038,75.00,1
1790870235531,SUBJ-4245-6C90,0.1110,1.0000,0.1038,75.00,1
1790870237036,SUBJ-4245-6C90,0.1110,1.0000,0.1528,75.00,1
1790870238539,SUBJ-4245-6C90,0.1110,1.0000,0.2203,75.00,1
1790870240091,SUBJ-4245-6C90,0.1110,1.0000,0.2203,75.00,1
1790870241579,SUBJ-4245-6C90,0.1110,1.0000,0.2203,75.00,1
1790870243083,SUBJ-4245-6C90,0.1110,1.0000,0.2203,75.00,1
1790870244588,SUBJ-4245-6C90,0.1110,1.0000,0.2203,75.00,1
1790870246091,SUBJ-4245-6C90,0.1110,1.0000,0.2203,75.00,1
1790870247578,SUBJ-4245-6C90,0.1110,1.0000,0.2203,75.00,1
1790870249084,SUBJ-4245-6C90,0.1110,1.0000,0.2203,75.00,1
1790870250587,SUBJ-4245-6C90,0.1110,1.0000,0.2203,75.00,1
1790870252091,SUBJ-4245-6C90,0.1110,1.0000,0.1038,75.00,1
1790870253580,SUBJ-4245-6C90,0.1110,1.0000,0.1038,75.00,1
1790870255083,SUBJ-4245-6C90,0.1110,1.0000,0.1038,75.00,1
1790870256635,SUBJ-4245-6C90,0.1110,1.0000,0.1038,75.00,1
1790870258235,SUBJ-4245-6C90,0.1110,1.0000,0.1038,75.00,1
1790870259740,SUBJ-4245-6C90,0.1110,1.0000,0.1038,75.00,1
1790870261291,SUBJ-4245-6C90,0.1110,1.0000,0.1038,75.00,1
1790870262828,SUBJ-4245-6C90,0.1110,1.0000,0.1038,75.00,1
1790870264331,SUBJ-4245-6C90,0.1110,1.0000,0.1038,75.00,1
1790870265835,SUBJ-4245-6C90,0.1110,1.0000,0.1038,75.00,2
1790870267340,SUBJ-4245-6C90,0.1110,1.0000,0.1038,75.00,2
1790870268890,SUBJ-4245-6C90,0.1110,1.0000,0.1038,75.00,2
1790870270380,SUBJ-4245-6C90,0.1110,1.0000,0.1038,75.00,2
1790870271883,SUBJ-4245-6C90,0.1110,1.0000,0.1038,75.00,2
1790870273484,SUBJ-4245-6C90,0.1110,1.0000,0.1038,75.00,2
1790870275036,SUBJ-4245-6C90,0.1110,1.0000,0.1038,75.00,2
1790870276539,SUBJ-4245-6C90,0.1110,1.0000,0.1038,75.00,2
1790870278027,SUBJ-4245-6C90,0.1110,1.0000,0.1038,75.00,2
1790870279532,SUBJ-4245-6C90,0.1166,1.0000,0.1121,75.00,2
1790870281035,SUBJ-4245-6C90,0.1110,1.0000,0.1278,75.00,2
1790870282588,SUBJ-4245-6C90,0.1110,1.0000,0.2758,74.77,2
1790870284092,SUBJ-4245-6C90,0.1110,1.0000,0.2771,74.76,2
1790870285579,SUBJ-4245-6C90,0.1110,1.0000,0.3719,73.92,2
1790870287132,SUBJ-4245-6C90,0.1110,1.0000,0.4432,73.28,2
1790870288635,SUBJ-4245-6C90,0.1110,1.0000,0.6883,71.10,2
1790870290187,SUBJ-4245-6C90,0.1110,1.0000,0.9821,68.49,2
1790870291738,SUBJ-4245-6C90,0.1110,1.0000,1.0822,67.60,2
1790870293226,SUBJ-4245-6C90,0.1110,1.0000,0.9319,68.94,2
1790870294731,SUBJ-4245-6C90,0.1110,1.0000,0.8453,69.71,2
1790870296235,SUBJ-4245-6C90,0.1110,1.0000,0.7202,70.82,2
1790870297739,SUBJ-4245-6C90,0.1110,1.0000,0.7457,70.59,2
1790870299227,SUBJ-4245-6C90,0.1110,1.0000,0.7082,70.93,2
1790870300731,SUBJ-4245-6C90,0.1110,1.0000,0.5339,72.48,2
1790870302284,SUBJ-4245-6C90,0.1110,1.0000,0.3342,74.25,2
1790870303788,SUBJ-4245-6C90,0.1110,1.0000,0.1834,75.00,2
1790870305290,SUBJ-4245-6C90,0.1110,1.0000,0.1190,75.00,2
1790870306779,SUBJ-4245-6C90,0.1110,1.0000,0.2304,75.00,2
1790870308284,SUBJ-4245-6C90,0.1110,1.0000,0.2295,75.00,2
1790870309788,SUBJ-4245-6C90,0.1110,1.0000,0.2304,75.00,2
1790870311291,SUBJ-4245-6C90,0.1110,1.0000,0.2295,75.00,2
1790870312780,SUBJ-4245-6C90,0.1110,1.0000,0.2304,75.00,2
1790870314284,SUBJ-4245-6C90,0.1110,1.0000,0.2295,75.00,2
1790870315788,SUBJ-4245-6C90,0.1110,1.0000,0.2304,75.00,2
1790870317292,SUBJ-4245-6C90,0.1110,1.0000,0.2295,75.00,2
1790870318780,SUBJ-4245-6C90,0.1110,1.0000,0.1592,75.00,2
1790870320288,SUBJ-4245-6C90,0.1110,1.0000,0.1038,75.00,2
1790870321788,SUBJ-4245-6C90,0.1110,1.0000,0.1038,75.00,2
1790870323290,SUBJ-4245-6C90,0.1110,1.0000,0.1038,75.00,2
1790870324779,SUBJ-4245-6C90,0.1110,1.0000,0.1038,75.00,2
1790870326284,SUBJ-4245-6C90,0.1110,1.0000,0.1038,75.00,2
1790870327836,SUBJ-4245-6C90,0.1110,1.0000,0.1038,75.00,2
1790870329341,SUBJ-4245-6C90,0.1110,1.0000,0.1038,75.00,2
1790870330894,SUBJ-4245-6C90,0.1110,1.0000,0.1038,75.00,2
1790870332380,SUBJ-4245-6C90,0.1110,1.0000,0.1038,75.00,2
1790870333883,SUBJ-4245-6C90,0.1110,1.0000,0.1038,75.00,2
1790870335388,SUBJ-4245-6C90,0.1110,1.0000,0.1038,75.00,2
1790870336892,SUBJ-4245-6C90,0.1110,1.0000,0.1038,75.00,2
1790870338378,SUBJ-4245-6C90,0.1110,1.0000,0.1038,75.00,2
1790870339885,SUBJ-4245-6C90,0.1110,1.0000,0.1038,75.00,2
1790870341388,SUBJ-4245-6C90,0.1110,1.0000,0.1038,75.00,2
1790870342891,SUBJ-4245-6C90,0.1110,1.0000,0.1038,75.00,2
1790870344378,SUBJ-4245-6C90,0.1110,1.0000,0.1038,75.00,2
1790870345884,SUBJ-4245-6C90,0.1110,1.0000,0.1038,75.00,2
1790870347389,SUBJ-4245-6C90,0.1110,1.0000,0.1038,75.00,2
1790870348893,SUBJ-4245-6C90,0.1110,1.0000,0.1038,75.00,2
1790870350380,SUBJ-4245-6C90,0.1110,1.0000,0.1038,75.00,2
1790870351930,SUBJ-4245-6C90,0.1110,1.0000,0.1038,75.00,2
1790870353436,SUBJ-4245-6C90,0.1110,1.0000,0.1038,75.00,2
1790870354939,SUBJ-4245-6C90,0.1110,1.0000,0.1038,75.00,2
1790870356444,SUBJ-4245-6C90,0.1110,1.0000,0.1038,75.00,2
1790870357979,SUBJ-4245-6C90,0.1110,1.0000,0.1038,75.00,2
1790870359531,SUBJ-4245-6C90,0.1110,1.0000,0.1038,75.00,2
1790870361036,SUBJ-4245-6C90,0.1110,1.0000,0.1038,75.00,2
1790870362539,SUBJ-4245-6C90,0.1110,1.0000,0.1038,75.00,2
1790870364090,SUBJ-4245-6C90,0.1110,1.0000,0.1038,75.00,2
1790870365579,SUBJ-4245-6C90,0.1110,1.0000,0.1038,75.00,2
1790870367084,SUBJ-4245-6C90,0.1110,1.0000,0.1038,75.00,2
1790870368588,SUBJ-4245-6C90,0.1110,1.0000,0.1038,75.00,2
1790870370091,SUBJ-4245-6C90,0.1110,1.0000,0.1038,75.00,2
1790870371580,SUBJ-4245-6C90,0.1110,1.0000,0.1038,75.00,2
1790870373084,SUBJ-4245-6C90,0.1110,1.0000,0.1038,75.00,2
1790870374588,SUBJ-4245-6C90,0.1110,1.0000,0.1038,75.00,2
1790870376091,SUBJ-4245-6C90,0.1110,1.0000,0.1038,75.00,2
1790870377579,SUBJ-4245-6C90,0.1110,1.0000,0.1038,75.00,2
1790870379083,SUBJ-4245-6C90,0.1110,1.0000,0.1038,75.00,2
1790870380588,SUBJ-4245-6C90,0.1110,1.0000,0.1038,75.00,2
1790870382140,SUBJ-4245-6C90,0.1110,1.0000,0.1038,75.00,2
1790870383642,SUBJ-4245-6C90,0.1110,1.0000,0.1038,75.00,2
1790870385131,SUBJ-4245-6C90,0.1110,1.0000,0.1038,75.00,2
1790870386637,SUBJ-4245-6C90,0.1110,1.0000,0.1038,75.00,2
1790870388140,SUBJ-4245-6C90,0.1110,1.0000,0.1038,75.00,2
1790870389642,SUBJ-4245-6C90,0.1110,1.0000,0.1038,75.00,2
1790870391131,SUBJ-4245-6C90,0.1110,1.0000,0.1038,75.00,2
1790870392636,SUBJ-4245-6C90,0.1110,1.0000,0.1038,75.00,2
1790870394139,SUBJ-4245-6C90,0.1110,1.0000,0.1038,75.00,2
1790870395643,SUBJ-4245-6C90,0.1110,1.0000,0.1038,75.00,2
1790870397180,SUBJ-4245-6C90,0.1110,1.0000,0.1038,75.00,2
1790870398684,SUBJ-4245-6C90,0.1110,1.0000,0.1038,75.00,2
1790870400188,SUBJ-4245-6C90,0.1110,1.0000,0.1038,75.00,2
1790870401690,SUBJ-4245-6C90,0.1110,1.0000,0.1038,75.00,2
1790870403179,SUBJ-4245-6C90,0.1110,1.0000,0.1038,75.00,2
1790870404683,SUBJ-4245-6C90,0.1110,1.0000,0.1038,75.00,2
1790870406236,SUBJ-4245-6C90,0.1110,1.0000,0.1038,75.00,2
1790870407741,SUBJ-4245-6C90,0.1110,1.0000,0.1038,75.00,2
1790870409243,SUBJ-4245-6C90,0.1183,1.0000,0.1082,75.00,2
1790870410731,SUBJ-4245-6C90,0.1110,1.0000,0.2335,75.00,2
1790870412284,SUBJ-4245-6C90,0.1110,1.0000,0.2335,75.00,2
1790870413790,SUBJ-4245-6C90,0.1110,1.0000,0.2335,75.00,2
1790870415291,SUBJ-4245-6C90,0.1110,1.0000,0.2335,75.00,2
1790870416780,SUBJ-4245-6C90,0.1110,1.0000,0.2335,75.00,2
1790870418285,SUBJ-4245-6C90,0.1110,1.0000,0.2335,75.00,2
1790870419788,SUBJ-4245-6C90,0.1110,1.0000,0.2335,75.00,2
1790870421291,SUBJ-4245-6C90,0.1110,1.0000,0.2335,75.00,2
1790870422780,SUBJ-4245-6C90,0.1110,1.0000,0.2335,75.00,2
1790870424284,SUBJ-4245-6C90,0.1110,1.0000,0.1079,75.00,2
1790870425835,SUBJ-4245-6C90,0.1110,1.0000,0.1038,75.00,2
1790870427340,SUBJ-4245-6C90,0.1110,1.0000,0.1038,75.00,2
1790870428843,SUBJ-4245-6C90,0.1110,1.0000,0.1038,75.00,2
1790870430332,SUBJ-4245-6C90,0.1110,1.0000,0.1038,75.00,2
1790870431836,SUBJ-4245-6C90,0.1110,1.0000,0.1038,75.00,2
1790870433340,SUBJ-4245-6C90,0.1110,1.0000,0.1038,75.00,2
1790870434843,SUBJ-4245-6C90,0.1110,1.0000,0.2146,75.00,2
1790870436380,SUBJ-4245-6C90,0.1110,1.0000,0.2146,75.00,2
1790870437884,SUBJ-4245-6C90,0.1110,1.0000,0.2146,75.00,2
1790870439389,SUBJ-4245-6C90,0.1110,1.0000,0.2146,75.00,2
1790870440891,SUBJ-4245-6C90,0.1110,1.0000,0.2146,75.00,2
1790870442379,SUBJ-4245-6C90,0.1110,1.0000,0.2146,75.00,2
1790870443883,SUBJ-4245-6C90,0.1110,1.0000,0.2146,75.00,2
1790870445388,SUBJ-4245-6C90,0.1110,1.0000,0.2146,75.00,2
1790870446891,SUBJ-4245-6C90,0.1110,1.0000,0.2146,75.00,2
1790870448379,SUBJ-4245-6C90,0.1110,1.0000,0.2146,75.00,2
1790870449931,SUBJ-4245-6C90,0.1110,1.0000,0.1038,75.00,2
1790870451484,SUBJ-4245-6C90,0.1110,1.0000,0.1038,75.00,2
1790870452988,SUBJ-4245-6C90,0.1110,1.0000,0.1038,75.00,2
1790870454493,SUBJ-4245-6C90,0.1110,1.0000,0.1038,75.00,2
1790870455979,SUBJ-4245-6C90,0.1110,1.0000,0.1038,75.00,2
1790870457483,SUBJ-4245-6C90,0.1110,1.0000,0.1038,75.00,2
1790870458988,SUBJ-4245-6C90,0.1110,1.0000,0.1038,75.00,2
1790870460491,SUBJ-4245-6C90,0.1110,1.0000,0.1038,75.00,2
1790870461980,SUBJ-4245-6C90,0.1110,1.0000,0.1038,75.00,2
1790870463483,SUBJ-4245-6C90,0.1110,1.0000,0.1038,75.00,2
1790870464988,SUBJ-4245-6C90,0.1110,1.0000,0.1038,75.00,2
1790870466493,SUBJ-4245-6C90,0.1110,1.0000,0.1038,75.00,2
1790870467980,SUBJ-4245-6C90,0.1110,1.0000,0.1038,75.00,2
1790870469483,SUBJ-4245-6C90,0.1110,1.0000,0.1038,75.00,2
1790870470988,SUBJ-4245-6C90,0.1110,1.0000,0.1038,75.00,2
1790870472492,SUBJ-4245-6C90,0.1110,1.0000,0.1038,75.00,2
1790870473994,SUBJ-4245-6C90,0.1110,1.0000,0.1038,75.00,2
1790870475484,SUBJ-4245-6C90,0.1110,1.0000,0.1038,75.00,2
1790870476987,SUBJ-4245-6C90,0.1110,1.0000,0.1038,75.00,2
1790870478492,SUBJ-4245-6C90,0.1110,1.0000,0.1038,75.00,2
1790870479994,SUBJ-4245-6C90,0.1110,1.0000,0.1038,75.00,2
1790870481485,SUBJ-4245-6C90,0.1110,1.0000,0.1873,75.00,2
1790870482987,SUBJ-4245-6C90,0.1110,1.0000,0.3458,74.15,2
1790870484490,SUBJ-4245-6C90,0.1110,1.0000,0.3458,74.15,2
1790870485995,SUBJ-4245-6C90,0.1110,1.0000,0.3458,74.15,2
1790870487483,SUBJ-4245-6C90,0.1110,1.0000,0.3458,74.15,2
1790870488987,SUBJ-4245-6C90,0.1110,1.0000,0.3458,74.15,2
1790870490491,SUBJ-4245-6C90,0.1110,1.0000,0.3458,74.15,2
1790870491995,SUBJ-4245-6C90,0.1110,1.0000,0.3458,74.15,2
1790870493482,SUBJ-4245-6C90,0.1110,1.0000,0.3458,74.15,2
1790870494987,SUBJ-4245-6C90,0.1110,1.0000,0.3458,74.15,2
1790870496491,SUBJ-4245-6C90,0.1110,1.0000,0.1038,75.00,2
1790870497995,SUBJ-4245-6C90,0.1110,1.0000,0.1038,75.00,2
1790870499484,SUBJ-4245-6C90,0.1110,1.0000,0.1038,75.00,2
1790870500987,SUBJ-4245-6C90,0.1110,1.0000,0.1038,75.00,2
1790870502492,SUBJ-4245-6C90,0.1110,1.0000,0.1038,75.00,2
1790870503996,SUBJ-4245-6C90,0.1110,1.0000,0.1038,75.00,2
1790870505484,SUBJ-4245-6C90,0.1110,1.0000,0.1038,75.00,2
1790870506989,SUBJ-4245-6C90,0.1110,1.0000,0.1038,75.00,2
1790870508493,SUBJ-4245-6C90,0.1110,1.0000,0.1038,75.00,2
1790870509995,SUBJ-4245-6C90,0.1110,1.0000,0.1038,75.00,2
1790870511483,SUBJ-4245-6C90,0.1110,1.0000,0.1038,75.00,2
1790870512988,SUBJ-4245-6C90,0.1110,1.0000,0.1038,75.00,2
1790870514491,SUBJ-4245-6C90,0.1110,1.0000,0.1038,75.00,2
1790870516043,SUBJ-4245-6C90,0.1110,1.0000,0.1038,75.00,2
1790870517532,SUBJ-4245-6C90,0.1110,1.0000,0.1038,75.00,2
1790870519036,SUBJ-4245-6C90,0.1110,1.0000,0.1038,75.00,2
1790870520540,SUBJ-4245-6C90,0.1110,1.0000,0.1038,75.00,2
1790870522043,SUBJ-4245-6C90,0.1110,1.0000,0.1038,75.00,2
1790870523532,SUBJ-4245-6C90,0.1110,1.0000,0.1038,75.00,2
1790870525036,SUBJ-4245-6C90,0.1110,1.0000,0.1038,75.00,2
1790870526540,SUBJ-4245-6C90,0.1110,1.0000,0.1038,75.00,2
1790870527933,SUBJ-4245-6C90,0.1110,1.0000,0.1038,75.00,2
1790870529196,SUBJ-4245-6C90,0.1110,1.0000,0.1038,75.00,2
1790870530444,SUBJ-4245-6C90,0.1110,1.0000,0.1038,75.00,2
1790870531691,SUBJ-4245-6C90,0.1110,1.0000,0.1038,75.00,2
1790870532940,SUBJ-4245-6C90,0.1110,1.0000,0.1038,75.00,2
1790870534188,SUBJ-4245-6C90,0.1110,1.0000,0.1038,75.00,2
1790870535484,SUBJ-4245-6C90,0.1110,1.0000,0.1038,75.00,2
1790870536732,SUBJ-4245-6C90,0.1110,1.0000,0.1038,75.00,2
1790870537980,SUBJ-4245-6C90,0.1110,1.0000,0.1038,75.00,2
1790870539229,SUBJ-4245-6C90,0.1110,1.0000,0.1038,75.00,2
1790870540478,SUBJ-4245-6C90,0.1110,1.0000,0.1038,75.00,2
1790870541723,SUBJ-4245-6C90,0.1110,1.0000,0.1038,75.00,2
1790870542988,SUBJ-4245-6C90,0.1110,1.0000,0.1038,75.00,2
1790870544235,SUBJ-4245-6C90,0.1110,1.0000,0.1038,75.00,2
1790870545483,SUBJ-4245-6C90,0.1110,1.0000,0.1038,75.00,2
1790870546731,SUBJ-4245-6C90,0.1110,1.0000,0.1038,75.00,2
1790870547980,SUBJ-4245-6C90,0.1110,1.0000,0.1038,75.00,2
1790870549277,SUBJ-4245-6C90,0.1110,1.0000,0.1038,75.00,2
1790870550524,SUBJ-4245-6C90,0.1110,1.0000,0.1038,75.00,2
1790870551772,SUBJ-4245-6C90,0.1110,1.0000,0.1038,75.00,2
1790870553020,SUBJ-4245-6C90,0.1110,1.0000,0.1038,75.00,2
1790870554267,SUBJ-4245-6C90,0.1110,1.0000,0.1038,75.00,2
1790870555515,SUBJ-4245-6C90,0.1110,1.0000,0.1038,75.00,2
1790870556779,SUBJ-4245-6C90,0.1110,1.0000,0.1038,75.00,2
1790870558027,SUBJ-4245-6C90,0.1110,1.0000,0.1038,75.00,2
1790870559276,SUBJ-4245-6C90,0.1110,1.0000,0.1038,75.00,2
1790870560523,SUBJ-4245-6C90,0.1110,1.0000,0.1038,75.00,2
1790870561772,SUBJ-4245-6C90,0.1110,1.0000,0.1038,75.00,2
1790870563021,SUBJ-4245-6C90,0.1110,1.0000,0.1038,75.00,2
1790870564269,SUBJ-4245-6C90,0.1110,1.0000,0.1038,75.00,2
1790870565516,SUBJ-4245-6C90,0.1110,1.0000,0.1038,75.00,2
1790870566779,SUBJ-4245-6C90,0.1110,1.0000,0.1038,75.00,2
1790870568028,SUBJ-4245-6C90,0.1110,1.0000,0.1038,75.00,2
1790870569276,SUBJ-4245-6C90,0.1110,1.0000,0.1038,75.00,2
1790870570525,SUBJ-4245-6C90,0.1110,1.0000,0.1038,75.00,2
1790870571772,SUBJ-4245-6C90,0.1110,1.0000,0.1038,75.00,2
1790870573020,SUBJ-4245-6C90,0.1110,1.0000,0.1038,75.00,2
1790870574269,SUBJ-4245-6C90,0.1110,1.0000,0.1038,75.00,2
1790870575515,SUBJ-4245-6C90,0.1110,1.0000,0.1038,75.00,2
1790870576779,SUBJ-4245-6C90,0.1110,1.0000,0.1038,75.00,2
1790870578027,SUBJ-4245-6C90,0.1110,1.0000,0.1038,75.00,2
1790870579276,SUBJ-4245-6C90,0.1110,1.0000,0.1038,75.00,2
1790870580526,SUBJ-4245-6C90,0.1110,1.0000,0.1038,75.00,2
1790870581772,SUBJ-4245-6C90,0.1110,1.0000,0.1038,75.00,2
1790870583020,SUBJ-4245-6C90,0.1110,1.0000,0.1038,75.00,2
1790870584268,SUBJ-4245-6C90,0.1110,1.0000,0.1038,75.00,2
1790870585516,SUBJ-4245-6C90,0.1110,1.0000,0.1038,75.00,2
1790870586780,SUBJ-4245-6C90,0.1110,1.0000,0.1038,75.00,2
1790870588027,SUBJ-4245-6C90,0.1110,1.0000,0.1038,75.00,2
1790870589276,SUBJ-4245-6C90,0.1110,1.0000,0.1038,75.00,2
1790870590524,SUBJ-4245-6C90,0.1110,1.0000,0.1038,75.00,2
1790870591772,SUBJ-4245-6C90,0.1110,1.0000,0.1038,75.00,2
1790870593020,SUBJ-4245-6C90,0.1110,1.0000,0.1038,75.00,2
1790870594268,SUBJ-4245-6C90,0.1110,1.0000,0.1038,75.00,2
1790870595515,SUBJ-4245-6C90,0.1110,1.0000,0.1038,75.00,2
1790870596780,SUBJ-4245-6C90,0.1110,1.0000,0.1038,75.00,2
1790870598173,SUBJ-4245-6C90,0.1110,1.0000,0.2170,75.00,2
1790870599677,SUBJ-4245-6C90,0.1110,1.0000,0.2162,75.00,2
1790870601180,SUBJ-4245-6C90,0.1110,1.0000,0.2170,75.00,2
1790870602668,SUBJ-4245-6C90,0.1110,1.0000,0.2162,75.00,2
1790870604172,SUBJ-4245-6C90,0.1110,1.0000,0.2170,75.00,2
1790870605676,SUBJ-4245-6C90,0.1110,1.0000,0.2162,75.00,2
1790870607179,SUBJ-4245-6C90,0.1110,1.0000,0.2170,75.00,2
1790870608668,SUBJ-4245-6C90,0.1110,1.0000,0.2162,75.00,2
1790870610220,SUBJ-4245-6C90,0.1110,1.0000,0.2170,75.00,2
1790870611724,SUBJ-4245-6C90,0.1110,1.0000,0.1784,75.00,2
1790870613229,SUBJ-4245-6C90,0.1110,1.0000,0.1038,75.00,2
1790870614715,SUBJ-4245-6C90,0.1110,1.0000,0.1038,75.00,2
1790870616219,SUBJ-4245-6C90,0.1110,1.0000,0.1038,75.00,2
1790870617724,SUBJ-4245-6C90,0.1110,1.0000,0.1038,75.00,2
1790870619227,SUBJ-4245-6C90,0.1110,1.0000,0.1038,75.00,2
1790870620716,SUBJ-4245-6C90,0.1110,1.0000,0.1038,75.00,2
1790870622220,SUBJ-4245-6C90,0.1110,1.0000,0.1038,75.00,2
1790870623724,SUBJ-4245-6C90,0.1110,1.0000,0.1038,75.00,2
1790870625227,SUBJ-4245-6C90,0.1110,1.0000,0.1038,75.00,2
1790870626715,SUBJ-4245-6C90,0.1110,1.0000,0.1038,75.00,2
1790870628219,SUBJ-4245-6C90,0.1110,1.0000,0.1038,75.00,2
1790870629724,SUBJ-4245-6C90,0.1110,1.0000,0.1038,75.00,2
1790870631229,SUBJ-4245-6C90,0.1110,1.0000,0.1038,75.00,2
1790870632716,SUBJ-4245-6C90,0.1110,1.0000,0.1038,75.00,2
1790870634221,SUBJ-4245-6C90,0.1110,1.0000,0.1038,75.00,2
1790870635724,SUBJ-4245-6C90,0.1110,1.0000,0.1038,75.00,2
1790870637229,SUBJ-4245-6C90,0.1110,1.0000,0.1038,75.00,2
1790870638716,SUBJ-4245-6C90,0.1110,1.0000,0.1038,75.00,2
1790870640221,SUBJ-4245-6C90,0.1110,1.0000,0.1038,75.00,2
1790870641724,SUBJ-4245-6C90,0.1110,1.0000,0.1038,75.00,2
1790870643228,SUBJ-4245-6C90,0.1110,1.0000,0.1038,75.00,2
1790870644715,SUBJ-4245-6C90,0.1110,1.0000,0.1038,75.00,2
1790870646220,SUBJ-4245-6C90,0.1110,1.0000,0.1038,75.00,2
1790870647724,SUBJ-4245-6C90,0.1110,1.0000,0.1038,75.00,2
1790870649228,SUBJ-4245-6C90,0.1110,1.0000,0.1038,75.00,2
1790870650715,SUBJ-4245-6C90,0.1110,1.0000,0.1038,75.00,2
1790870652220,SUBJ-4245-6C90,0.1110,1.0000,0.1038,75.00,2
1790870653725,SUBJ-4245-6C90,0.1110,1.0000,0.1038,75.00,2
1790870655277,SUBJ-4245-6C90,0.1110,1.0000,0.1038,75.00,2
1790870656779,SUBJ-4245-6C90,0.1110,1.0000,0.1038,75.00,2
1790870658268,SUBJ-4245-6C90,0.1110,1.0000,0.1038,75.00,2
1790870659773,SUBJ-4245-6C90,0.1110,1.0000,0.1038,75.00,2
1790870661276,SUBJ-4245-6C90,0.1110,1.0000,0.1038,75.00,2
1790870662828,SUBJ-4245-6C90,0.1110,1.0000,0.1038,75.00,2
1790870664332,SUBJ-4245-6C90,0.1110,1.0000,0.1038,75.00,2
1790870665820,SUBJ-4245-6C90,0.1110,1.0000,0.1038,75.00,2
1790870667324,SUBJ-4245-6C90,0.1110,1.0000,0.1038,75.00,2
1790870668828,SUBJ-4245-6C90,0.1110,1.0000,0.1038,75.00,2
1790870670332,SUBJ-4245-6C90,0.1110,1.0000,0.1038,75.00,2
1790870671820,SUBJ-4245-6C90,0.1110,1.0000,0.1038,75.00,2
1790870673324,SUBJ-4245-6C90,0.1110,1.0000,0.1038,75.00,2
1790870674876,SUBJ-4245-6C90,0.1110,1.0000,0.1038,75.00,2
1790870676380,SUBJ-4245-6C90,0.1110,1.0000,0.1038,75.00,2
1790870677867,SUBJ-4245-6C90,0.1110,1.0000,0.1038,75.00,2
1790870679373,SUBJ-4245-6C90,0.1110,1.0000,0.1038,75.00,2
1790870680877,SUBJ-4245-6C90,0.1110,1.0000,0.1038,75.00,2
1790870682381,SUBJ-4245-6C90,0.1110,1.0000,0.1038,75.00,2
1790870683932,SUBJ-4245-6C90,0.1110,1.0000,0.1038,75.00,2
1790870685421,SUBJ-4245-6C90,0.1110,1.0000,0.1038,75.00,2
1790870686924,SUBJ-4245-6C90,0.1110,1.0000,0.1038,75.00,2
1790870688428,SUBJ-4245-6C90,0.1110,1.0000,0.1038,75.00,2
1790870689932,SUBJ-4245-6C90,0.1110,1.0000,0.1038,75.00,2
1790870691468,SUBJ-4245-6C90,0.1110,1.0000,0.1038,75.00,2
1790870692972,SUBJ-4245-6C90,0.1110,1.0000,0.1038,75.00,2
1790870694477,SUBJ-4245-6C90,0.1110,1.0000,0.1038,75.00,2
1790870695980,SUBJ-4245-6C90,0.1110,1.0000,0.1038,75.00,2
1790870697467,SUBJ-4245-6C90,0.1110,1.0000,0.1038,75.00,2
1790870698972,SUBJ-4245-6C90,0.1110,1.0000,0.1038,75.00,2
1790870700476,SUBJ-4245-6C90,0.1110,1.0000,0.1038,75.00,2
1790870701979,SUBJ-4245-6C90,0.1110,1.0000,0.1038,75.00,2
1790870703468,SUBJ-4245-6C90,0.1110,1.0000,0.1038,75.00,2
1790870704973,SUBJ-4245-6C90,0.1110,1.0000,0.1038,75.00,2
1790870706476,SUBJ-4245-6C90,0.1110,1.0000,0.1038,75.00,2
1790870708028,SUBJ-4245-6C90,0.1110,1.0000,0.1038,75.00,2
1790870709532,SUBJ-4245-6C90,0.1110,1.0000,0.1038,75.00,2
1790870711020,SUBJ-4245-6C90,0.1110,1.0000,0.1038,75.00,2
1790870712524,SUBJ-4245-6C90,0.1110,1.0000,0.1038,75.00,2
1790870714027,SUBJ-4245-6C90,0.1110,1.0000,0.1038,75.00,2
1790870715532,SUBJ-4245-6C90,0.1110,1.0000,0.1038,75.00,2
1790870717021,SUBJ-4245-6C90,0.1110,1.0000,0.1038,75.00,2
1790870718524,SUBJ-4245-6C90,0.1110,1.0000,0.1038,75.00,2
1790870720027,SUBJ-4245-6C90,0.1110,1.0000,0.1038,75.00,2
1790870721531,SUBJ-4245-6C90,0.1110,1.0000,0.1038,75.00,2
1790870723020,SUBJ-4245-6C90,0.1110,1.0000,0.1038,75.00,2
1790870724525,SUBJ-4245-6C90,0.1110,1.0000,0.1038,75.00,2
1790870726029,SUBJ-4245-6C90,0.1110,1.0000,0.1038,75.00,2
1790870727532,SUBJ-4245-6C90,0.1110,1.0000,0.1038,75.00,2
1790870729019,SUBJ-4245-6C90,0.1110,1.0000,0.1038,75.00,2
1790870730524,SUBJ-4245-6C90,0.1110,1.0000,0.1038,75.00,2
1790870732028,SUBJ-4245-6C90,0.1110,1.0000,0.1038,75.00,2
1790870733581,SUBJ-4245-6C90,0.1110,1.0000,0.1038,75.00,2
1790870735067,SUBJ-4245-6C90,0.1110,1.0000,0.1038,75.00,2
1790870736572,SUBJ-4245-6C90,0.1110,1.0000,0.1038,75.00,2
1790870738077,SUBJ-4245-6C90,0.1110,1.0000,0.1038,75.00,2
1790870739580,SUBJ-4245-6C90,0.1110,1.0000,0.1038,75.00,2
1790870741067,SUBJ-4245-6C90,0.1110,1.0000,0.1038,75.00,2
1790870742573,SUBJ-4245-6C90,0.1110,1.0000,0.1038,75.00,2
1790870744077,SUBJ-4245-6C90,0.1110,1.0000,0.1038,75.00,2
1790870745629,SUBJ-4245-6C90,0.1110,1.0000,0.1038,75.00,2
1790870747132,SUBJ-4245-6C90,0.1110,1.0000,0.1038,75.00,2
1790870748620,SUBJ-4245-6C90,0.1110,1.0000,0.1038,75.00,2
1790870750124,SUBJ-4245-6C90,0.1110,1.0000,0.1038,75.00,2
1790870751629,SUBJ-4245-6C90,0.1110,1.0000,0.1038,75.00,2
1790870753133,SUBJ-4245-6C90,0.1110,1.0000,0.1038,75.00,2
1790870754620,SUBJ-4245-6C90,0.1110,1.0000,0.1038,75.00,2
1790870756125,SUBJ-4245-6C90,0.1110,1.0000,0.1038,75.00,2
1790870757628,SUBJ-4245-6C90,0.1110,1.0000,0.1038,75.00,2
1790870759131,SUBJ-4245-6C90,0.1110,1.0000,0.1038,75.00,2
1790870760621,SUBJ-4245-6C90,0.1110,1.0000,0.1038,75.00,2
1790870762125,SUBJ-4245-6C90,0.1110,1.0000,0.1038,75.00,2
1790870763628,SUBJ-4245-6C90,0.1110,1.0000,0.1038,75.00,2
1790870765131,SUBJ-4245-6C90,0.1110,1.0000,0.1038,75.00,2
1790870766620,SUBJ-4245-6C90,0.1110,1.0000,0.1038,75.00,2
1790870768125,SUBJ-4245-6C90,0.1110,1.0000,0.1038,75.00,2
1790870769676,SUBJ-4245-6C90,0.1110,1.0000,0.1038,75.00,2
1790870771180,SUBJ-4245-6C90,0.1110,1.0000,0.1038,75.00,2
1790870772668,SUBJ-4245-6C90,0.1110,1.0000,0.1038,75.00,2
1790870774173,SUBJ-4245-6C90,0.1110,1.0000,0.1038,75.00,2
1790870775676,SUBJ-4245-6C90,0.1110,1.0000,0.1038,75.00,2
1790870777180,SUBJ-4245-6C90,0.1110,1.0000,0.1038,75.00,2
1790870778668,SUBJ-4245-6C90,0.1110,1.0000,0.1038,75.00,2
1790870780173,SUBJ-4245-6C90,0.1110,1.0000,0.1038,75.00,2
1790870781677,SUBJ-4245-6C90,0.1110,1.0000,0.1038,75.00,2
1790870783181,SUBJ-4245-6C90,0.1110,1.0000,0.1038,75.00,2
1790870784667,SUBJ-4245-6C90,0.1110,1.0000,0.1038,75.00,2
1790870786173,SUBJ-4245-6C90,0.1110,1.0000,0.1038,75.00,2
1790870787676,SUBJ-4245-6C90,0.1110,1.0000,0.1038,75.00,2
1790870789179,SUBJ-4245-6C90,0.1110,1.0000,0.1038,75.00,2
1790870790668,SUBJ-4245-6C90,0.1110,1.0000,0.1038,75.00,2
1790870792220,SUBJ-4245-6C90,0.1110,1.0000,0.1038,75.00,2
1790870793724,SUBJ-4245-6C90,0.1110,1.0000,0.1038,75.00,2
1790870795228,SUBJ-4245-6C90,0.1110,1.0000,0.1038,75.00,2
1790870796732,SUBJ-4245-6C90,0.1110,1.0000,0.1038,75.00,2
1790870798221,SUBJ-4245-6C90,0.1110,1.0000,0.1038,75.00,2
1790870799724,SUBJ-4245-6C90,0.1110,1.0000,0.1038,75.00,2
1790870801276,SUBJ-4245-6C90,0.1110,1.0000,0.1038,75.00,2
1790870802780,SUBJ-4245-6C90,0.1110,1.0000,0.1038,75.00,2
1790870804283,SUBJ-4245-6C90,0.1110,1.0000,0.1038,75.00,2
1790870805771,SUBJ-4245-6C90,0.1110,1.0000,0.1038,75.00,2
1790870807276,SUBJ-4245-6C90,0.1110,1.0000,0.1038,75.00,2
1790870808780,SUBJ-4245-6C90,0.1110,1.0000,0.1038,75.00,2
1790870810283,SUBJ-4245-6C90,0.1110,1.0000,0.1038,75.00,2
1790870811771,SUBJ-4245-6C90,0.1110,1.0000,0.1038,75.00,2
1790870813276,SUBJ-4245-6C90,0.1110,1.0000,0.1038,75.00,2
1790870814779,SUBJ-4245-6C90,0.1110,1.0000,0.1038,75.00,2
1790870816284,SUBJ-4245-6C90,0.1110,1.0000,0.1038,75.00,2
1790870817773,SUBJ-4245-6C90,0.1110,1.0000,0.1038,75.00,2
1790870819276,SUBJ-4245-6C90,0.1110,1.0000,0.1038,75.00,2
1790870820780,SUBJ-4245-6C90,0.1110,1.0000,0.1038,75.00,2
1790870822284,SUBJ-4245-6C90,0.1110,1.0000,0.1038,75.00,2
1790870823774,SUBJ-4245-6C90,0.1110,1.0000,0.1038,75.00,2
1790870825277,SUBJ-4245-6C90,0.1110,1.0000,0.1038,75.00,2
1790870826780,SUBJ-4245-6C90,0.1110,1.0000,0.1038,75.00,2
1790870828285,SUBJ-4245-6C90,0.1110,1.0000,0.1038,75.00,2
1790870829773,SUBJ-4245-6C90,0.1110,1.0000,0.1038,75.00,2
1790870831277,SUBJ-4245-6C90,0.1110,1.0000,0.1038,75.00,2
1790870832780,SUBJ-4245-6C90,0.1110,1.0000,0.1038,75.00,2
1790870834284,SUBJ-4245-6C90,0.1110,1.0000,0.1038,75.00,2
1790870835773,SUBJ-4245-6C90,0.1110,1.0000,0.1038,75.00,2
1790870837277,SUBJ-4245-6C90,0.1110,1.0000,0.1038,75.00,2
1790870838780,SUBJ-4245-6C90,0.1110,1.0000,0.1038,75.00,2
1790870840284,SUBJ-4245-6C90,0.1110,1.0000,0.1038,75.00,2
1790870841773,SUBJ-4245-6C90,0.1110,1.0000,0.1038,75.00,2
1790870843324,SUBJ-4245-6C90,0.1110,1.0000,0.1038,75.00,2
1790870844877,SUBJ-4245-6C90,0.1110,1.0000,0.1038,75.00,2
1790870846381,SUBJ-4245-6C90,0.1110,1.0000,0.1038,75.00,2
1790870847883,SUBJ-4245-6C90,0.1110,1.0000,0.1038,75.00,2
1790870849372,SUBJ-4245-6C90,0.1110,1.0000,0.1038,75.00,2
1790870850876,SUBJ-4245-6C90,0.1110,1.0000,0.1038,75.00,2
1790870852380,SUBJ-4245-6C90,0.1110,1.0000,0.1038,75.00,2
1790870853883,SUBJ-4245-6C90,0.1110,1.0000,0.1038,75.00,2
1790870855372,SUBJ-4245-6C90,0.1110,1.0000,0.1038,75.00,2
1790870856877,SUBJ-4245-6C90,0.1110,1.0000,0.1038,75.00,2
1790870858381,SUBJ-4245-6C90,0.1110,1.0000,0.1038,75.00,2
1790870859931,SUBJ-4245-6C90,0.1110,1.0000,0.1038,75.00,2
1790870861420,SUBJ-4245-6C90,0.1110,1.0000,0.1038,75.00,2
1790870862924,SUBJ-4245-6C90,0.1110,1.0000,0.1038,75.00,2
1790870864476,SUBJ-4245-6C90,0.1110,1.0000,0.1038,75.00,2
1790870865979,SUBJ-4245-6C90,0.1110,1.0000,0.1038,75.00,2
1790870867484,SUBJ-4245-6C90,0.1110,1.0000,0.1038,75.00,2
1790870869020,SUBJ-4245-6C90,0.1110,1.0000,0.1038,75.00,2
1790870870525,SUBJ-4245-6C90,0.1110,1.0000,0.1038,75.00,2
1790870872028,SUBJ-4245-6C90,0.1110,1.0000,0.1038,75.00,2
1790870873532,SUBJ-4245-6C90,0.1110,1.0000,0.1038,75.00,2
1790870875021,SUBJ-4245-6C90,0.1110,1.0000,0.1038,75.00,2
1790870876524,SUBJ-4245-6C90,0.1110,1.0000,0.1038,75.00,2
1790870878028,SUBJ-4245-6C90,0.1110,1.0000,0.1038,75.00,2
1790870879531,SUBJ-4245-6C90,0.1110,1.0000,0.1038,75.00,2
1790870881020,SUBJ-4245-6C90,0.1110,1.0000,0.1038,75.00,2
1790870882524,SUBJ-4245-6C90,0.1110,1.0000,0.1038,75.00,2
1790870884028,SUBJ-4245-6C90,0.1110,1.0000,0.1038,75.00,2
1790870885532,SUBJ-4245-6C90,0.1110,1.0000,0.1038,75.00,2
1790870887019,SUBJ-4245-6C90,0.1110,1.0000,0.1038,75.00,2
1790870888524,SUBJ-4245-6C90,0.1110,1.0000,0.1038,75.00,2
1790870890029,SUBJ-4245-6C90,0.1110,1.0000,0.1038,75.00,2
1790870891531,SUBJ-4245-6C90,0.1110,1.0000,0.1038,75.00,2
1790870893021,SUBJ-4245-6C90,0.1110,1.0000,0.1038,75.00,2
1790870894524,SUBJ-4245-6C90,0.1110,1.0000,0.1038,75.00,2
1790870896028,SUBJ-4245-6C90,0.1110,1.0000,0.1038,75.00,2
1790870897533,SUBJ-4245-6C90,0.1110,1.0000,0.1038,75.00,2
1790870899019,SUBJ-4245-6C90,0.1110,1.0000,0.1038,75.00,2
1790870900525,SUBJ-4245-6C90,0.1110,1.0000,0.1038,75.00,2
1790870902028,SUBJ-4245-6C90,0.1110,1.0000,0.1038,75.00,2
1790870903532,SUBJ-4245-6C90,0.1110,1.0000,0.1038,75.00,2
1790870905020,SUBJ-4245-6C90,0.1110,1.0000,0.1038,75.00,2
1790870906524,SUBJ-4245-6C90,0.1110,1.0000,0.1038,75.00,2
1790870908028,SUBJ-4245-6C90,0.1110,1.0000,0.1038,75.00,2
1790870909532,SUBJ-4245-6C90,0.1110,1.0000,0.1038,75.00,2
1790870911020,SUBJ-4245-6C90,0.1110,1.0000,0.1038,75.00,2
1790870912572,SUBJ-4245-6C90,0.1110,1.0000,0.1038,75.00,2
1790870914076,SUBJ-4245-6C90,0.1110,1.0000,0.1038,75.00,2
1790870915581,SUBJ-4245-6C90,0.1110,1.0000,0.1038,75.00,2
1790870917084,SUBJ-4245-6C90,0.1110,1.0000,0.1038,75.00,2
1790870918572,SUBJ-4245-6C90,0.1110,1.0000,0.1038,75.00,2
1790870920077,SUBJ-4245-6C90,0.1110,1.0000,0.1038,75.00,2
1790870921580,SUBJ-4245-6C90,0.1110,1.0000,0.1038,75.00,2
1790870923084,SUBJ-4245-6C90,0.1110,1.0000,0.1038,75.00,2
1790870924573,SUBJ-4245-6C90,0.1110,1.0000,0.1038,75.00,2
1790870926077,SUBJ-4245-6C90,0.1110,1.0000,0.1038,75.00,2
1790870927580,SUBJ-4245-6C90,0.1110,1.0000,0.1038,75.00,2
1790870929083,SUBJ-4245-6C90,0.1110,1.0000,0.1038,75.00,2
1790870930572,SUBJ-4245-6C90,0.1110,1.0000,0.1038,75.00,2
1790870932076,SUBJ-4245-6C90,0.1110,1.0000,0.1038,75.00,2
1790870933582,SUBJ-4245-6C90,0.1110,1.0000,0.1038,75.00,2
1790870935084,SUBJ-4245-6C90,0.1110,1.0000,0.1038,75.00,2
1790870936572,SUBJ-4245-6C90,0.1110,1.0000,0.1038,75.00,2
1790870938077,SUBJ-4245-6C90,0.1110,1.0000,0.1038,75.00,2
1790870939580,SUBJ-4245-6C90,0.1110,1.0000,0.1038,75.00,2
1790870941083,SUBJ-4245-6C90,0.1110,1.0000,0.1038,75.00,2
1790870942572,SUBJ-4245-6C90,0.1110,1.0000,0.1038,75.00,2
1790870944077,SUBJ-4245-6C90,0.1110,1.0000,0.1038,75.00,2
1790870945581,SUBJ-4245-6C90,0.1110,1.0000,0.1038,75.00,2
1790870947084,SUBJ-4245-6C90,0.1110,1.0000,0.1038,75.00,2
1790870948572,SUBJ-4245-6C90,0.1110,1.0000,0.1038,75.00,2
1790870950077,SUBJ-4245-6C90,0.1110,1.0000,0.1038,75.00,2
1790870951582,SUBJ-4245-6C90,0.1110,1.0000,0.1038,75.00,2
1790870953085,SUBJ-4245-6C90,0.1110,1.0000,0.1038,75.00,2
1790870954572,SUBJ-4245-6C90,0.1110,1.0000,0.1038,75.00,2
1790870956076,SUBJ-4245-6C90,0.1110,1.0000,0.1038,75.00,2
1790870957582,SUBJ-4245-6C90,0.1110,1.0000,0.1038,75.00,2
1790870959133,SUBJ-4245-6C90,0.1110,1.0000,0.1038,75.00,2
1790870960636,SUBJ-4245-6C90,0.1110,1.0000,0.1038,75.00,2
1790870962125,SUBJ-4245-6C90,0.1110,1.0000,0.1038,75.00,2
1790870963628,SUBJ-4245-6C90,0.1110,1.0000,0.1038,75.00,2
1790870965132,SUBJ-4245-6C90,0.1110,1.0000,0.1038,75.00,2
1790870966636,SUBJ-4245-6C90,0.1110,1.0000,0.1038,75.00,2
1790870968172,SUBJ-4245-6C90,0.1110,1.0000,0.1038,75.00,2
1790870969677,SUBJ-4245-6C90,0.1110,1.0000,0.1038,75.00,2
1790870971179,SUBJ-4245-6C90,0.1110,1.0000,0.1038,75.00,2
1790870972684,SUBJ-4245-6C90,0.1110,1.0000,0.1038,75.00,2
1790870974173,SUBJ-4245-6C90,0.1110,1.0000,0.1038,75.00,2
1790870975675,SUBJ-4245-6C90,0.1110,1.0000,0.1038,75.00,2
1790870977181,SUBJ-4245-6C90,0.1110,1.0000,0.1038,75.00,2
1790870978684,SUBJ-4245-6C90,0.1110,1.0000,0.1038,75.00,2
1790870980171,SUBJ-4245-6C90,0.1110,1.0000,0.1038,75.00,2
1790870981725,SUBJ-4245-6C90,0.1110,1.0000,0.1038,75.00,2
1790870983229,SUBJ-4245-6C90,0.1110,1.0000,0.1038,75.00,2
1790870984732,SUBJ-4245-6C90,0.1110,1.0000,0.1038,75.00,2
1790870986236,SUBJ-4245-6C90,0.1110,1.0000,0.1038,75.00,2
1790870987725,SUBJ-4245-6C90,0.1110,1.0000,0.1038,75.00,2
1790870989228,SUBJ-4245-6C90,0.1110,1.0000,0.1038,75.00,2
1790870990732,SUBJ-4245-6C90,0.1110,1.0000,0.1038,75.00,2
1790870992235,SUBJ-4245-6C90,0.1110,1.0000,0.1038,75.00,2
1790870993724,SUBJ-4245-6C90,0.1110,1.0000,0.1038,75.00,2
1790870995228,SUBJ-4245-6C90,0.1110,1.0000,0.1038,75.00,2
1790870996732,SUBJ-4245-6C90,0.1110,1.0000,0.1038,75.00,2
1790870998235,SUBJ-4245-6C90,0.1110,1.0000,0.1038,75.00,2
1790870999725,SUBJ-4245-6C90,0.1110,1.0000,0.1038,75.00,2
1790871001229,SUBJ-4245-6C90,0.1110,1.0000,0.1038,75.00,2
1790871002732,SUBJ-4245-6C90,0.1110,1.0000,0.1038,75.00,2
1790871004235,SUBJ-4245-6C90,0.1110,1.0000,0.1038,75.00,2
1790871005724,SUBJ-4245-6C90,0.1110,1.0000,0.1038,75.00,2
1790871007229,SUBJ-4245-6C90,0.1110,1.0000,0.1038,75.00,2
1790871008732,SUBJ-4245-6C90,0.1110,1.0000,0.1038,75.00,2
1790871010283,SUBJ-4245-6C90,0.1110,1.0000,0.1038,75.00,2
1790871011773,SUBJ-4245-6C90,0.1110,1.0000,0.1038,75.00,2
1790871013277,SUBJ-4245-6C90,0.1110,1.0000,0.1038,75.00,2
1790871014780,SUBJ-4245-6C90,0.1110,1.0000,0.1038,75.00,2
1790871016284,SUBJ-4245-6C90,0.1110,1.0000,0.1038,75.00,2
1790871017773,SUBJ-4245-6C90,0.1110,1.0000,0.1038,75.00,2
1790871019278,SUBJ-4245-6C90,0.1110,1.0000,0.1038,75.00,2
1790871020781,SUBJ-4245-6C90,0.1110,1.0000,0.1038,75.00,2
1790871022284,SUBJ-4245-6C90,0.1110,1.0000,0.1038,75.00,2
1790871023773,SUBJ-4245-6C90,0.1110,1.0000,0.1038,75.00,2
1790871025277,SUBJ-4245-6C90,0.1110,1.0000,0.1038,75.00,2
1790871026781,SUBJ-4245-6C90,0.1110,1.0000,0.1038,75.00,2
1790871028284,SUBJ-4245-6C90,0.1110,1.0000,0.1038,75.00,2
1790871029836,SUBJ-4245-6C90,0.1110,1.0000,0.1038,75.00,2
1790871031325,SUBJ-4245-6C90,0.1110,1.0000,0.1038,75.00,2
1790871032828,SUBJ-4245-6C90,0.1110,1.0000,0.1038,75.00,2
1790871034332,SUBJ-4245-6C90,0.1110,1.0000,0.1038,75.00,2
1790871035836,SUBJ-4245-6C90,0.1110,1.0000,0.1038,75.00,2
1790871037326,SUBJ-4245-6C90,0.1110,1.0000,0.1038,75.00,2
1790871038828,SUBJ-4245-6C90,0.1110,1.0000,0.1038,75.00,2
1790871040332,SUBJ-4245-6C90,0.1110,1.0000,0.1038,75.00,2
1790871041837,SUBJ-4245-6C90,0.1110,1.0000,0.1038,75.00,2
1790871043326,SUBJ-4245-6C90,0.1110,1.0000,0.1038,75.00,2
1790871044828,SUBJ-4245-6C90,0.1110,1.0000,0.1038,75.00,2
1790871046332,SUBJ-4245-6C90,0.1110,1.0000,0.1038,75.00,2
1790871047836,SUBJ-4245-6C90,0.1110,1.0000,0.1038,75.00,2
1790871049325,SUBJ-4245-6C90,0.1110,1.0000,0.1038,75.00,2
1790871050828,SUBJ-4245-6C90,0.1110,1.0000,0.1038,75.00,2
1790871052332,SUBJ-4245-6C90,0.1110,1.0000,0.1038,75.00,2
1790871053835,SUBJ-4245-6C90,0.1110,1.0000,0.1038,75.00,2
1790871055325,SUBJ-4245-6C90,0.1110,1.0000,0.1038,75.00,2
1790871056876,SUBJ-4245-6C90,0.1110,1.0000,0.1038,75.00,2
1790871058381,SUBJ-4245-6C90,0.1110,1.0000,0.1038,75.00,2
1790871059885,SUBJ-4245-6C90,0.1110,1.0000,0.1038,75.00,2
1790871061373,SUBJ-4245-6C90,0.1110,1.0000,0.1038,75.00,2
1790871062924,SUBJ-4245-6C90,0.1110,1.0000,0.1038,75.00,2
1790871064429,SUBJ-4245-6C90,0.1110,1.0000,0.1038,75.00,2
1790871065980,SUBJ-4245-6C90,0.1110,1.0000,0.1038,75.00,2
1790871067485,SUBJ-4245-6C90,0.1110,1.0000,0.1038,75.00,2
1790871068973,SUBJ-4245-6C90,0.1110,1.0000,0.1038,75.00,2
1790871070477,SUBJ-4245-6C90,0.1110,1.0000,0.1038,75.00,2
1790871071980,SUBJ-4245-6C90,0.1110,1.0000,0.1038,75.00,2
1790871073484,SUBJ-4245-6C90,0.1110,1.0000,0.1038,75.00,2
1790871074987,SUBJ-4245-6C90,0.1110,1.0000,0.1038,75.00,2
1790871076478,SUBJ-4245-6C90,0.1110,1.0000,0.1038,75.00,2
1790871077980,SUBJ-4245-6C90,0.1110,1.0000,0.1038,75.00,2
1790871079532,SUBJ-4245-6C90,0.1110,1.0000,0.1038,75.00,2
1790871081035,SUBJ-4245-6C90,0.1110,1.0000,0.1038,75.00,2
1790871082524,SUBJ-4245-6C90,0.1110,1.0000,0.1038,75.00,2
1790871084028,SUBJ-4245-6C90,0.1110,1.0000,0.1038,75.00,2
1790871085532,SUBJ-4245-6C90,0.1110,1.0000,0.1038,75.00,2
1790871087036,SUBJ-4245-6C90,0.1110,1.0000,0.1038,75.00,2
1790871088525,SUBJ-4245-6C90,0.1110,1.0000,0.1038,75.00,2
1790871090029,SUBJ-4245-6C90,0.1110,1.0000,0.1038,75.00,2
1790871091533,SUBJ-4245-6C90,0.1110,1.0000,0.1038,75.00,2
1790871093036,SUBJ-4245-6C90,0.1110,1.0000,0.1038,75.00,2
1790871094525,SUBJ-4245-6C90,0.1110,1.0000,0.1038,75.00,2
1790871096029,SUBJ-4245-6C90,0.1110,1.0000,0.1038,75.00,2
1790871097532,SUBJ-4245-6C90,0.1110,1.0000,0.1038,75.00,2
1790871099036,SUBJ-4245-6C90,0.1110,1.0000,0.1038,75.00,2
1790871100525,SUBJ-4245-6C90,0.1110,1.0000,0.1038,75.00,2
1790871102030,SUBJ-4245-6C90,0.1110,1.0000,0.1038,75.00,2
1790871103581,SUBJ-4245-6C90,0.1110,1.0000,0.1038,75.00,2
1790871105084,SUBJ-4245-6C90,0.1110,1.0000,0.1038,75.00,2
1790871106635,SUBJ-4245-6C90,0.1110,1.0000,0.1038,75.00,2
1790871108124,SUBJ-4245-6C90,0.1110,1.0000,0.1038,75.00,2
1790871109628,SUBJ-4245-6C90,0.1110,1.0000,0.1038,75.00,2
1790871111134,SUBJ-4245-6C90,0.1110,1.0000,0.1038,75.00,2
1790871112636,SUBJ-4245-6C90,0.1110,1.0000,0.1038,75.00,2
1790871114124,SUBJ-4245-6C90,0.1110,1.0000,0.1038,75.00,2
1790871115629,SUBJ-4245-6C90,0.1110,1.0000,0.1038,75.00,2
1790871117132,SUBJ-4245-6C90,0.1110,1.0000,0.1038,75.00,2
1790871118635,SUBJ-4245-6C90,0.1110,1.0000,0.1038,75.00,2
1790871120124,SUBJ-4245-6C90,0.1110,1.0000,0.1038,75.00,2
1790871121629,SUBJ-4245-6C90,0.1110,1.0000,0.1038,75.00,2
1790871123132,SUBJ-4245-6C90,0.1110,1.0000,0.1038,75.00,2
1790871124635,SUBJ-4245-6C90,0.1110,1.0000,0.1038,75.00,2
1790871126187,SUBJ-4245-6C90,0.1110,1.0000,0.1038,75.00,2
1790871127678,SUBJ-4245-6C90,0.1110,1.0000,0.1038,75.00,2
1790871129181,SUBJ-4245-6C90,0.1110,1.0000,0.1038,75.00,2
1790871130683,SUBJ-4245-6C90,0.1110,1.0000,0.1038,75.00,2
1790871132235,SUBJ-4245-6C90,0.1110,1.0000,0.1038,75.00,2
1790871133725,SUBJ-4245-6C90,0.1110,1.0000,0.1038,75.00,2
1790871135229,SUBJ-4245-6C90,0.1110,1.0000,0.1038,75.00,2
1790871136733,SUBJ-4245-6C90,0.1110,1.0000,0.1038,75.00,2
1790871138236,SUBJ-4245-6C90,0.1110,1.0000,0.1038,75.00,2
1790871139724,SUBJ-4245-6C90,0.1110,1.0000,0.1038,75.00,2
1790871141229,SUBJ-4245-6C90,0.1110,1.0000,0.1038,75.00,2
1790871142734,SUBJ-4245-6C90,0.1110,1.0000,0.1038,75.00,2
1790871144236,SUBJ-4245-6C90,0.1110,1.0000,0.1038,75.00,2
1790871145724,SUBJ-4245-6C90,0.1110,1.0000,0.1038,75.00,2
1790871147229,SUBJ-4245-6C90,0.1110,1.0000,0.1038,75.00,2
1790871148733,SUBJ-4245-6C90,0.1110,1.0000,0.1038,75.00,2
1790871150236,SUBJ-4245-6C90,0.1110,1.0000,0.1038,75.00,2
1790871151725,SUBJ-4245-6C90,0.1110,1.0000,0.1038,75.00,2
1790871153278,SUBJ-4245-6C90,0.1110,1.0000,0.1038,75.00,2
1790871154781,SUBJ-4245-6C90,0.1110,1.0000,0.1038,75.00,2
1790871156332,SUBJ-4245-6C90,0.1110,1.0000,0.1038,75.00,2
1790871157835,SUBJ-4245-6C90,0.1110,1.0000,0.1038,75.00,2
1790871159324,SUBJ-4245-6C90,0.1110,1.0000,0.1038,75.00,2
1790871160829,SUBJ-4245-6C90,0.1110,1.0000,0.1038,75.00,2
1790871162333,SUBJ-4245-6C90,0.1110,1.0000,0.1038,75.00,2
1790871163836,SUBJ-4245-6C90,0.1110,1.0000,0.1038,75.00,2
1790871165324,SUBJ-4245-6C90,0.1110,1.0000,0.1038,75.00,2
1790871166828,SUBJ-4245-6C90,0.1110,1.0000,0.1038,75.00,2
1790871168332,SUBJ-4245-6C90,0.1110,1.0000,0.1038,75.00,2
1790871169837,SUBJ-4245-6C90,0.1110,1.0000,0.1038,75.00,2
1790871171325,SUBJ-4245-6C90,0.1110,1.0000,0.1038,75.00,2
1790871172828,SUBJ-4245-6C90,0.1110,1.0000,0.1038,75.00,2
1790871174333,SUBJ-4245-6C90,0.1110,1.0000,0.1038,75.00,2
1790871175835,SUBJ-4245-6C90,0.1110,1.0000,0.1038,75.00,2
1790871177325,SUBJ-4245-6C90,0.1110,1.0000,0.1038,75.00,2
1790871178828,SUBJ-4245-6C90,0.1110,1.0000,0.1038,75.00,2
1790871180333,SUBJ-4245-6C90,0.1110,1.0000,0.1038,75.00,2
1790871181836,SUBJ-4245-6C90,0.1110,1.0000,0.1038,75.00,2
1790871183325,SUBJ-4245-6C90,0.1110,1.0000,0.1038,75.00,2
1790871184829,SUBJ-4245-6C90,0.1110,1.0000,0.1038,75.00,2
1790871186332,SUBJ-4245-6C90,0.1110,1.0000,0.1038,75.00,2
1790871187837,SUBJ-4245-6C90,0.1110,1.0000,0.1038,75.00,2
1790871189325,SUBJ-4245-6C90,0.1110,1.0000,0.1038,75.00,2
1790871190829,SUBJ-4245-6C90,0.1110,1.0000,0.1038,75.00,2
1790871192333,SUBJ-4245-6C90,0.1110,1.0000,0.1038,75.00,2
1790871193836,SUBJ-4245-6C90,0.1110,1.0000,0.1038,75.00,2
1790871195324,SUBJ-4245-6C90,0.1110,1.0000,0.1038,75.00,2
1790871196829,SUBJ-4245-6C90,0.1110,1.0000,0.1038,75.00,2
1790871198333,SUBJ-4245-6C90,0.1110,1.0000,0.1038,75.00,2
1790871199836,SUBJ-4245-6C90,0.1110,1.0000,0.1038,75.00,2
1790871201325,SUBJ-4245-6C90,0.1110,1.0000,0.1038,75.00,2
1790871202830,SUBJ-4245-6C90,0.1110,1.0000,0.1038,75.00,2
1790871204332,SUBJ-4245-6C90,0.1110,1.0000,0.1038,75.00,2
1790871205835,SUBJ-4245-6C90,0.1110,1.0000,0.1038,75.00,2
1790871207325,SUBJ-4245-6C90,0.1110,1.0000,0.1038,75.00,2
1790871208829,SUBJ-4245-6C90,0.1110,1.0000,0.1038,75.00,2
1790871210332,SUBJ-4245-6C90,0.1110,1.0000,0.1038,75.00,2
1790871211836,SUBJ-4245-6C90,0.1110,1.0000,0.1038,75.00,2
1790871213324,SUBJ-4245-6C90,0.1110,1.0000,0.1038,75.00,2
1790871214829,SUBJ-4245-6C90,0.1110,1.0000,0.1038,75.00,2
1790871216333,SUBJ-4245-6C90,0.1110,1.0000,0.1038,75.00,2
1790871217836,SUBJ-4245-6C90,0.1110,1.0000,0.1038,75.00,2
1790871219340,SUBJ-4245-6C90,0.1110,1.0000,0.1038,75.00,2
1790871220829,SUBJ-4245-6C90,0.1110,1.0000,0.1038,75.00,2
1790871222332,SUBJ-4245-6C90,0.1110,1.0000,0.1038,75.00,2
1790871223836,SUBJ-4245-6C90,0.1110,1.0000,0.1038,75.00,2
1790871225341,SUBJ-4245-6C90,0.1110,1.0000,0.1038,75.00,2
1790871226829,SUBJ-4245-6C90,0.1110,1.0000,0.1038,75.00,2
1790871228333,SUBJ-4245-6C90,0.1110,1.0000,0.1038,75.00,2
1790871229837,SUBJ-4245-6C90,0.1110,1.0000,0.1038,75.00,2
1790871231388,SUBJ-4245-6C90,0.1110,1.0000,0.1038,75.00,2
1790871232878,SUBJ-4245-6C90,0.1110,1.0000,0.1038,75.00,2
1790871234428,SUBJ-4245-6C90,0.1110,1.0000,0.1038,75.00,2
1790871235932,SUBJ-4245-6C90,0.1110,1.0000,0.1038,75.00,2
1790871237484,SUBJ-4245-6C90,0.1110,1.0000,0.1038,75.00,2
1790871238988,SUBJ-4245-6C90,0.1110,1.0000,0.1038,75.00,2
1790871240477,SUBJ-4245-6C90,0.1110,1.0000,0.1038,75.00,2
1790871241981,SUBJ-4245-6C90,0.1110,1.0000,0.1038,75.00,2
1790871243484,SUBJ-4245-6C90,0.1110,1.0000,0.1038,75.00,2
1790871244989,SUBJ-4245-6C90,0.1110,1.0000,0.1038,75.00,2
1790871246478,SUBJ-4245-6C90,0.1110,1.0000,0.1038,75.00,2
1790871247981,SUBJ-4245-6C90,0.1110,1.0000,0.1038,75.00,2
1790871249485,SUBJ-4245-6C90,0.1110,1.0000,0.1038,75.00,2
1790871250989,SUBJ-4245-6C90,0.1110,1.0000,0.1038,75.00,2
1790871252478,SUBJ-4245-6C90,0.1110,1.0000,0.1038,75.00,2
1790871253980,SUBJ-4245-6C90,0.1110,1.0000,0.1038,75.00,2
1790871255484,SUBJ-4245-6C90,0.1110,1.0000,0.1038,75.00,2
1790871256987,SUBJ-4245-6C90,0.1110,1.0000,0.1038,75.00,2
1790871258477,SUBJ-4245-6C90,0.1110,1.0000,0.1038,75.00,2
1790871259982,SUBJ-4245-6C90,0.1110,1.0000,0.1038,75.00,2
1790871261485,SUBJ-4245-6C90,0.1110,1.0000,0.1038,75.00,2
1790871262988,SUBJ-4245-6C90,0.1110,1.0000,0.1038,75.00,2
1790871264477,SUBJ-4245-6C90,0.1110,1.0000,0.1038,75.00,2
1790871265981,SUBJ-4245-6C90,0.1110,1.0000,0.1038,75.00,2
1790871267483,SUBJ-4245-6C90,0.1110,1.0000,0.1038,75.00,2
1790871268989,SUBJ-4245-6C90,0.1110,1.0000,0.1038,75.00,2
1790871270478,SUBJ-4245-6C90,0.1110,1.0000,0.1038,75.00,2
1790871271981,SUBJ-4245-6C90,0.1110,1.0000,0.1038,75.00,2
1790871273484,SUBJ-4245-6C90,0.1110,1.0000,0.1038,75.00,2
1790871274989,SUBJ-4245-6C90,0.1110,1.0000,0.1038,75.00,2
1790871276477,SUBJ-4245-6C90,0.1110,1.0000,0.1038,75.00,2
1790871277982,SUBJ-4245-6C90,0.1110,1.0000,0.1038,75.00,2
1790871279484,SUBJ-4245-6C90,0.1110,1.0000,0.1038,75.00,2
1790871280989,SUBJ-4245-6C90,0.1110,1.0000,0.1038,75.00,2
1790871282478,SUBJ-4245-6C90,0.1110,1.0000,0.1038,75.00,2
1790871283981,SUBJ-4245-6C90,0.1110,1.0000,0.1038,75.00,2
1790871285484,SUBJ-4245-6C90,0.1110,1.0000,0.1038,75.00,2
1790871286989,SUBJ-4245-6C90,0.1110,1.0000,0.1038,75.00,2
1790871288477,SUBJ-4245-6C90,0.1110,1.0000,0.1038,75.00,2
1790871289980,SUBJ-4245-6C90,0.1110,1.0000,0.1038,75.00,2
1790871291484,SUBJ-4245-6C90,0.1110,1.0000,0.1038,75.00,2
1790871292988,SUBJ-4245-6C90,0.1110,1.0000,0.1038,75.00,2
1790871294478,SUBJ-4245-6C90,0.1110,1.0000,0.1038,75.00,2
1790871295980,SUBJ-4245-6C90,0.1110,1.0000,0.1038,75.00,2
1790871297532,SUBJ-4245-6C90,0.1110,1.0000,0.1038,75.00,2
1790871299037,SUBJ-4245-6C90,0.1110,1.0000,0.1038,75.00,2
1790871300541,SUBJ-4245-6C90,0.1110,1.0000,0.1038,75.00,2
1790871302029,SUBJ-4245-6C90,0.1110,1.0000,0.1038,75.00,2
1790871303532,SUBJ-4245-6C90,0.1110,1.0000,0.1038,75.00,2
1790871305035,SUBJ-4245-6C90,0.1110,1.0000,0.1038,75.00,2
1790871306542,SUBJ-4245-6C90,0.1110,1.0000,0.1038,75.00,2
1790871308029,SUBJ-4245-6C90,0.1110,1.0000,0.1038,75.00,2
1790871309533,SUBJ-4245-6C90,0.1110,1.0000,0.1038,75.00,2
1790871311037,SUBJ-4245-6C90,0.1110,1.0000,0.1038,75.00,2
1790871312540,SUBJ-4245-6C90,0.1110,1.0000,0.1038,75.00,2
1790871314028,SUBJ-4245-6C90,0.1110,1.0000,0.1038,75.00,2
1790871315533,SUBJ-4245-6C90,0.1110,1.0000,0.1038,75.00,2
1790871317035,SUBJ-4245-6C90,0.1110,1.0000,0.1038,75.00,2
1790871318588,SUBJ-4245-6C90,0.1110,1.0000,0.1038,75.00,2
1790871320077,SUBJ-4245-6C90,0.1110,1.0000,0.1038,75.00,2
1790871321629,SUBJ-4245-6C90,0.1110,1.0000,0.1038,75.00,2
1790871323132,SUBJ-4245-6C90,0.1110,1.0000,0.1038,75.00,2
1790871324733,SUBJ-4245-6C90,0.1110,1.0000,0.1038,75.00,2
1790871326235,SUBJ-4245-6C90,0.1110,1.0000,0.1038,75.00,2
1790871327740,SUBJ-4245-6C90,0.1110,1.0000,0.1038,75.00,2
1790871329229,SUBJ-4245-6C90,0.1110,1.0000,0.1038,75.00,2
1790871330732,SUBJ-4245-6C90,0.1110,1.0000,0.1038,75.00,2
1790871332237,SUBJ-4245-6C90,0.1110,1.0000,0.1038,75.00,2
1790871333741,SUBJ-4245-6C90,0.1110,1.0000,0.1038,75.00,2
1790871335229,SUBJ-4245-6C90,0.1110,1.0000,0.1038,75.00,2
1790871336732,SUBJ-4245-6C90,0.1110,1.0000,0.1038,75.00,2
1790871338236,SUBJ-4245-6C90,0.1110,1.0000,0.1038,75.00,2
1790871339741,SUBJ-4245-6C90,0.1110,1.0000,0.1038,75.00,2
1790871341277,SUBJ-4245-6C90,0.1110,1.0000,0.1038,75.00,2
1790871342781,SUBJ-4245-6C90,0.1110,1.0000,0.1038,75.00,2
1790871344285,SUBJ-4245-6C90,0.1110,1.0000,0.1038,75.00,2
1790871345789,SUBJ-4245-6C90,0.1110,1.0000,0.1038,75.00,2
1790871347277,SUBJ-4245-6C90,0.1110,1.0000,0.1038,75.00,2
1790871348781,SUBJ-4245-6C90,0.1110,1.0000,0.1038,75.00,2
1790871350284,SUBJ-4245-6C90,0.1110,1.0000,0.1038,75.00,2
1790871351788,SUBJ-4245-6C90,0.1110,1.0000,0.1038,75.00,2
1790871353277,SUBJ-4245-6C90,0.1110,1.0000,0.1038,75.00,2
1790871354780,SUBJ-4245-6C90,0.1110,1.0000,0.1038,75.00,2
1790871356284,SUBJ-4245-6C90,0.1110,1.0000,0.1038,75.00,2
1790871357789,SUBJ-4245-6C90,0.1110,1.0000,0.1038,75.00,2
1790871359292,SUBJ-4245-6C90,0.1110,1.0000,0.1038,75.00,2
1790871360781,SUBJ-4245-6C90,0.1110,1.0000,0.1038,75.00,2
1790871362285,SUBJ-4245-6C90,0.1110,1.0000,0.1038,75.00,2
1790871363788,SUBJ-4245-6C90,0.1110,1.0000,0.1038,75.00,2
1790871365341,SUBJ-4245-6C90,0.1110,1.0000,0.1038,75.00,2
1790871366828,SUBJ-4245-6C90,0.1110,1.0000,0.1038,75.00,2
1790871368333,SUBJ-4245-6C90,0.1110,1.0000,0.1038,75.00,2
1790871369836,SUBJ-4245-6C90,0.1110,1.0000,0.1038,75.00,2
1790871371340,SUBJ-4245-6C90,0.1110,1.0000,0.1038,75.00,2
1790871372829,SUBJ-4245-6C90,0.1110,1.0000,0.1038,75.00,2
1790871374333,SUBJ-4245-6C90,0.1110,1.0000,0.1038,75.00,2
1790871375837,SUBJ-4245-6C90,0.1110,1.0000,0.1038,75.00,2
1790871377340,SUBJ-4245-6C90,0.1110,1.0000,0.1038,75.00,2
1790871378828,SUBJ-4245-6C90,0.1110,1.0000,0.1038,75.00,2
1790871380333,SUBJ-4245-6C90,0.1110,1.0000,0.1038,75.00,2
1790871381836,SUBJ-4245-6C90,0.1110,1.0000,0.1038,75.00,2
1790871383341,SUBJ-4245-6C90,0.1110,1.0000,0.1038,75.00,2
1790871384892,SUBJ-4245-6C90,0.1110,1.0000,0.1038,75.00,2
1790871386380,SUBJ-4245-6C90,0.1110,1.0000,0.1038,75.00,2
1790871387885,SUBJ-4245-6C90,0.1110,1.0000,0.1038,75.00,2
1790871389388,SUBJ-4245-6C90,0.1110,1.0000,0.1038,75.00,2
1790871390893,SUBJ-4245-6C90,0.1110,1.0000,0.1038,75.00,2
1790871392381,SUBJ-4245-6C90,0.1110,1.0000,0.1038,75.00,2
1790871393884,SUBJ-4245-6C90,0.1110,1.0000,0.1038,75.00,2
1790871395388,SUBJ-4245-6C90,0.1110,1.0000,0.1038,75.00,2
1790871396892,SUBJ-4245-6C90,0.1110,1.0000,0.1038,75.00,2
1790871398381,SUBJ-4245-6C90,0.1110,1.0000,0.1038,75.00,2
1790871399885,SUBJ-4245-6C90,0.1110,1.0000,0.1038,75.00,2
1790871401436,SUBJ-4245-6C90,0.1110,1.0000,0.1038,75.00,2
1790871402989,SUBJ-4245-6C90,0.1110,1.0000,0.1038,75.00,2
1790871404493,SUBJ-4245-6C90,0.1110,1.0000,0.1038,75.00,2
1790871405981,SUBJ-4245-6C90,0.1110,1.0000,0.1038,75.00,2
1790871407485,SUBJ-4245-6C90,0.1110,1.0000,0.1038,75.00,2
1790871408987,SUBJ-4245-6C90,0.1110,1.0000,0.1038,75.00,2
1790871410492,SUBJ-4245-6C90,0.1110,1.0000,0.1038,75.00,2
1790871411981,SUBJ-4245-6C90,0.1110,1.0000,0.1038,75.00,2
1790871413484,SUBJ-4245-6C90,0.1110,1.0000,0.1038,75.00,2
1790871414989,SUBJ-4245-6C90,0.1110,1.0000,0.1038,75.00,2
1790871416493,SUBJ-4245-6C90,0.1110,1.0000,0.1038,75.00,2
1790871417980,SUBJ-4245-6C90,0.1110,1.0000,0.1038,75.00,2
1790871419486,SUBJ-4245-6C90,0.1110,1.0000,0.1038,75.00,2
1790871420989,SUBJ-4245-6C90,0.1110,1.0000,0.1038,75.00,2
1790871422493,SUBJ-4245-6C90,0.1110,1.0000,0.1038,75.00,2
1790871423981,SUBJ-4245-6C90,0.1110,1.0000,0.1038,75.00,2
1790871425486,SUBJ-4245-6C90,0.1110,1.0000,0.1038,75.00,2
1790871426987,SUBJ-4245-6C90,0.1110,1.0000,0.1038,75.00,2
1790871428492,SUBJ-4245-6C90,0.1110,1.0000,0.1038,75.00,2
1790871429981,SUBJ-4245-6C90,0.1110,1.0000,0.1038,75.00,2
1790871431485,SUBJ-4245-6C90,0.1110,1.0000,0.1038,75.00,2
1790871432988,SUBJ-4245-6C90,0.1110,1.0000,0.1038,75.00,2
1790871434493,SUBJ-4245-6C90,0.1110,1.0000,0.1038,75.00,2
1790871435981,SUBJ-4245-6C90,0.1110,1.0000,0.1038,75.00,2
1790871437484,SUBJ-4245-6C90,0.1110,1.0000,0.1038,75.00,2
1790871438989,SUBJ-4245-6C90,0.1110,1.0000,0.1038,75.00,2
1790871440493,SUBJ-4245-6C90,0.1110,1.0000,0.1038,75.00,2
1790871441981,SUBJ-4245-6C90,0.1110,1.0000,0.1038,75.00,2
1790871443485,SUBJ-4245-6C90,0.1110,1.0000,0.1038,75.00,2
1790871444988,SUBJ-4245-6C90,0.1110,1.0000,0.1038,75.00,2
1790871446541,SUBJ-4245-6C90,0.1110,1.0000,0.1038,75.00,2
1790871448029,SUBJ-4245-6C90,0.1110,1.0000,0.1038,75.00,2
1790871449533,SUBJ-4245-6C90,0.1110,1.0000,0.1038,75.00,2
1790871451037,SUBJ-4245-6C90,0.1110,1.0000,0.1038,75.00,2
1790871452541,SUBJ-4245-6C90,0.1110,1.0000,0.1038,75.00,2
1790871454031,SUBJ-4245-6C90,0.1110,1.0000,0.1038,75.00,2
1790871455534,SUBJ-4245-6C90,0.1110,1.0000,0.1038,75.00,2
1790871457036,SUBJ-4245-6C90,0.1110,1.0000,0.1038,75.00,2
1790871458541,SUBJ-4245-6C90,0.1110,1.0000,0.1038,75.00,2
1790871460029,SUBJ-4245-6C90,0.1110,1.0000,0.1038,75.00,2
1790871461533,SUBJ-4245-6C90,0.1110,1.0000,0.1038,75.00,2
1790871463036,SUBJ-4245-6C90,0.1110,1.0000,0.1038,75.00,2
1790871464541,SUBJ-4245-6C90,0.1110,1.0000,0.1038,75.00,2
1790871466141,SUBJ-4245-6C90,0.1110,1.0000,0.1038,75.00,2
1790871467629,SUBJ-4245-6C90,0.1110,1.0000,0.1038,75.00,2
1790871469133,SUBJ-4245-6C90,0.1110,1.0000,0.1038,75.00,2
1790871470636,SUBJ-4245-6C90,0.1110,1.0000,0.1038,75.00,2
1790871472141,SUBJ-4245-6C90,0.1110,1.0000,0.1038,75.00,2
1790871473629,SUBJ-4245-6C90,0.1110,1.0000,0.1038,75.00,2
1790871475132,SUBJ-4245-6C90,0.1110,1.0000,0.1038,75.00,2
1790871476637,SUBJ-4245-6C90,0.1110,1.0000,0.1038,75.00,2
1790871478142,SUBJ-4245-6C90,0.1110,1.0000,0.1038,75.00,2
1790871479629,SUBJ-4245-6C90,0.1110,1.0000,0.1038,75.00,2
1790871481132,SUBJ-4245-6C90,0.1110,1.0000,0.1038,75.00,2
1790871482636,SUBJ-4245-6C90,0.1110,1.0000,0.1038,75.00,2
1790871484141,SUBJ-4245-6C90,0.1110,1.0000,0.1038,75.00,2
1790871485629,SUBJ-4245-6C90,0.1110,1.0000,0.1038,75.00,2
1790871487134,SUBJ-4245-6C90,0.1110,1.0000,0.1038,75.00,2
1790871488636,SUBJ-4245-6C90,0.1110,1.0000,0.1038,75.00,2
1790871490141,SUBJ-4245-6C90,0.1110,1.0000,0.1038,75.00,2
1790871491740,SUBJ-4245-6C90,0.1110,1.0000,0.1038,75.00,2
1790871493229,SUBJ-4245-6C90,0.1110,1.0000,0.1038,75.00,2
1790871494733,SUBJ-4245-6C90,0.1110,1.0000,0.1038,75.00,2
1790871496236,SUBJ-4245-6C90,0.1110,1.0000,0.1038,75.00,2
1790871497788,SUBJ-4245-6C90,0.1110,1.0000,0.1038,75.00,2
1790871499292,SUBJ-4245-6C90,0.1110,1.0000,0.1038,75.00,2
1790871500780,SUBJ-4245-6C90,0.1110,1.0000,0.1038,75.00,2
1790871502285,SUBJ-4245-6C90,0.1110,1.0000,0.1038,75.00,2
1790871503789,SUBJ-4245-6C90,0.1110,1.0000,0.1038,75.00,2
1790871505291,SUBJ-4245-6C90,0.1110,1.0000,0.1038,75.00,2
1790871506781,SUBJ-4245-6C90,0.1110,1.0000,0.1038,75.00,2
1790871508285,SUBJ-4245-6C90,0.1110,1.0000,0.1038,75.00,2
1790871509789,SUBJ-4245-6C90,0.1110,1.0000,0.1038,75.00,2
1790871511293,SUBJ-4245-6C90,0.1110,1.0000,0.1038,75.00,2
1790871512782,SUBJ-4245-6C90,0.1110,1.0000,0.1038,75.00,2
1790871514286,SUBJ-4245-6C90,0.1110,1.0000,0.1038,75.00,2
1790871515788,SUBJ-4245-6C90,0.1110,1.0000,0.1038,75.00,2
1790871517291,SUBJ-4245-6C90,0.1110,1.0000,0.1038,75.00,2
1790871518784,SUBJ-4245-6C90,0.1110,1.0000,0.1038,75.00,2
1790871520284,SUBJ-4245-6C90,0.1110,1.0000,0.1038,75.00,2
1790871521787,SUBJ-4245-6C90,0.1110,1.0000,0.1038,75.00,2
1790871523291,SUBJ-4245-6C90,0.1110,1.0000,0.1038,75.00,2
1790871524781,SUBJ-4245-6C90,0.1110,1.0000,0.1038,75.00,2
1790871526284,SUBJ-4245-6C90,0.1110,1.0000,0.1038,75.00,2
1790871527788,SUBJ-4245-6C90,0.1110,1.0000,0.1038,75.00,2
1790871529291,SUBJ-4245-6C90,0.1110,1.0000,0.1038,75.00,2
1790871530781,SUBJ-4245-6C90,0.1110,1.0000,0.1038,75.00,2
1790871532285,SUBJ-4245-6C90,0.1110,1.0000,0.1038,75.00,2
1790871533788,SUBJ-4245-6C90,0.1110,1.0000,0.1038,75.00,2
1790871535340,SUBJ-4245-6C90,0.1110,1.0000,0.1038,75.00,2
1790871536845,SUBJ-4245-6C90,0.1110,1.0000,0.1038,75.00,2
1790871538334,SUBJ-4245-6C90,0.1110,1.0000,0.1038,75.00,2
1790871539836,SUBJ-4245-6C90,0.1110,1.0000,0.1038,75.00,2
1790871541340,SUBJ-4245-6C90,0.1110,1.0000,0.1131,75.00,2
1790871542844,SUBJ-4245-6C90,0.1120,1.0000,0.2681,74.84,2
1790871544332,SUBJ-4245-6C90,0.1110,1.0000,0.4582,73.15,2
1790871545836,SUBJ-4245-6C90,0.1110,1.0000,0.6599,71.36,2
1790871547340,SUBJ-4245-6C90,0.1110,1.0000,0.8041,70.07,2
1790871548844,SUBJ-4245-6C90,0.1110,1.0000,1.2352,66.24,2
1790871550333,SUBJ-4245-6C90,0.1110,1.0000,1.4968,63.92,2
1790871551837,SUBJ-4245-6C90,0.1110,1.0000,2.0924,58.62,2
1790871553341,SUBJ-4245-6C90,0.1110,1.0000,2.6723,55.00,2
1790871554844,SUBJ-4245-6C90,0.1110,1.0000,2.7954,55.00,2
1790871556334,SUBJ-4245-6C90,0.1110,1.0000,2.1574,58.05,2
1790871557837,SUBJ-4245-6C90,0.1110,1.0000,1.6816,62.28,2
1790871559340,SUBJ-4245-6C90,0.1110,1.0000,1.2544,66.07,2
1790871560844,SUBJ-4245-6C90,0.1110,1.0000,1.0900,67.53,2
1790871562333,SUBJ-4245-6C90,0.1110,1.0000,0.7290,70.74,2
1790871563885,SUBJ-4245-6C90,0.1110,1.0000,0.5604,72.24,2
1790871565389,SUBJ-4245-6C90,0.1110,1.0000,0.3984,73.68,2
1790871566892,SUBJ-4245-6C90,0.1110,1.0000,0.1038,75.00,2
1790871568381,SUBJ-4245-6C90,0.1110,1.0000,0.1038,75.00,2
1790871569885,SUBJ-4245-6C90,0.1110,1.0000,0.1038,75.00,2
1790871571389,SUBJ-4245-6C90,0.1110,1.0000,0.1038,75.00,2
1790871572892,SUBJ-4245-6C90,0.1110,1.0000,0.1038,75.00,2
1790871574381,SUBJ-4245-6C90,0.1110,1.0000,0.1038,75.00,2
1790871574381,SUBJ-4245-6C90,0.1110,1.0000,0.1038,75.00,2
1790871575885,SUBJ-4245-6C90,0.1110,1.0000,0.1038,75.00,2
1790871577389,SUBJ-4245-6C90,0.1110,1.0000,0.1038,75.00,2
1790871578892,SUBJ-4245-6C90,0.1110,1.0000,0.1038,75.00,2
1790871580381,SUBJ-4245-6C90,0.1110,1.0000,0.1038,75.00,2
1790871581885,SUBJ-4245-6C90,0.1110,1.0000,0.1038,75.00,2
1790871583389,SUBJ-4245-6C90,0.1110,1.0000,0.1038,75.00,2
1790871584892,SUBJ-4245-6C90,0.1110,1.0000,0.1038,75.00,2
1790871586380,SUBJ-4245-6C90,0.1110,1.0000,0.1038,75.00,2
1790871587883,SUBJ-4245-6C90,0.1110,1.0000,0.1038,75.00,2
1790871589388,SUBJ-4245-6C90,0.1110,1.0000,0.1038,75.00,2
1790871591227,SUBJ-4245-6C90,0.1110,1.0000,0.1038,75.00,2
1790871593228,SUBJ-4245-6C90,0.1110,1.0000,0.1038,75.00,2
1790871595229,SUBJ-4245-6C90,0.1110,1.0000,0.1038,75.00,2
1790952031969,SUBJ-4245-6C90,0.1110,1.0000,2.2052,57.62,1
1790952033714,SUBJ-4245-6C90,0.1110,1.0000,0.6715,71.25,1
1790952035456,SUBJ-4245-6C90,0.1110,1.0000,0.3975,73.69,1
1790952037216,SUBJ-4245-6C90,0.1110,1.0000,0.2856,74.68,1
1790952038960,SUBJ-4245-6C90,0.1110,1.0000,0.2212,75.00,1
1790952040712,SUBJ-4245-6C90,0.1110,1.0000,0.1816,75.00,1
1790952042465,SUBJ-4245-6C90,0.1110,1.0000,0.1533,75.00,1
1790952044211,SUBJ-4245-6C90,0.1110,1.0000,0.1332,75.00,1
1790952045969,SUBJ-4245-6C90,0.1110,1.0000,0.1173,75.00,1
1790952047713,SUBJ-4245-6C90,0.1110,1.0000,0.1052,75.00,1
1790952049457,SUBJ-4245-6C90,0.1110,1.0000,0.1038,75.00,1
1790952051218,SUBJ-4245-6C90,0.1110,1.0000,0.1038,75.00,1
1790952052963,SUBJ-4245-6C90,0.1110,1.0000,0.1038,75.00,1
1790952054706,SUBJ-4245-6C90,0.1110,1.0000,0.1038,75.00,1
1790952056464,SUBJ-4245-6C90,0.1110,1.0000,0.1038,75.00,1
1790952058209,SUBJ-4245-6C90,0.1110,1.0000,0.1038,75.00,1
1790952059968,SUBJ-4245-6C90,0.1110,1.0000,0.1038,75.00,1
1790952061713,SUBJ-4245-6C90,0.1110,1.0000,0.1038,75.00,1
1790952063457,SUBJ-4245-6C90,0.1110,1.0000,0.1038,75.00,1
1790952065219,SUBJ-4245-6C90,0.1110,1.0000,0.1038,75.00,1
1790952066960,SUBJ-4245-6C90,0.1110,1.0000,0.1038,75.00,1
1790952068707,SUBJ-4245-6C90,0.1110,1.0000,0.1038,75.00,1
1790952070468,SUBJ-4245-6C90,0.1110,1.0000,0.1038,75.00,1
1790952072209,SUBJ-4245-6C90,0.1110,1.0000,0.1038,75.00,1
1790952073969,SUBJ-4245-6C90,0.1110,1.0000,0.1038,75.00,1
1790952075713,SUBJ-4245-6C90,0.1110,1.0000,0.1038,75.00,1
1790952077456,SUBJ-4245-6C90,0.1110,1.0000,0.1038,75.00,1
1790952079217,SUBJ-4245-6C90,0.1110,1.0000,0.1038,75.00,1
1790952080960,SUBJ-4245-6C90,0.1110,1.0000,0.1038,75.00,1
1790952082704,SUBJ-4245-6C90,0.1110,1.0000,0.1038,75.00,1
1790952084472,SUBJ-4245-6C90,0.1110,1.0000,0.1038,75.00,1
1790952086208,SUBJ-4245-6C90,0.1110,1.0000,0.1038,75.00,1
1790952087969,SUBJ-4245-6C90,0.1110,1.0000,0.1038,75.00,1
1790952089714,SUBJ-4245-6C90,0.1110,1.0000,0.1038,75.00,1
1790952091457,SUBJ-4245-6C90,0.1110,1.0000,0.1038,75.00,1
1790952093217,SUBJ-4245-6C90,0.1110,1.0000,0.1038,75.00,1
1790952094961,SUBJ-4245-6C90,0.1110,1.0000,0.1038,75.00,1
1790952096720,SUBJ-4245-6C90,0.1110,1.0000,0.1038,75.00,1
1790952098474,SUBJ-4245-6C90,0.1110,1.0000,0.1038,75.00,1
1790952100208,SUBJ-4245-6C90,0.1110,1.0000,0.1038,75.00,1
1790952101970,SUBJ-4245-6C90,0.1110,1.0000,0.1038,75.00,1
1790952103712,SUBJ-4245-6C90,0.1110,1.0000,0.1038,75.00,1
1790952105456,SUBJ-4245-6C90,0.1110,1.0000,0.1038,75.00,1
1790952107216,SUBJ-4245-6C90,0.1110,1.0000,0.1038,75.00,1
1790952108960,SUBJ-4245-6C90,0.1110,1.0000,0.1038,75.00,1
1790952110725,SUBJ-4245-6C90,0.1110,1.0000,0.1038,75.00,1
1790952112464,SUBJ-4245-6C90,0.1110,1.0000,0.1038,75.00,1
1790952114208,SUBJ-4245-6C90,0.1110,1.0000,0.1038,75.00,1
1790952115969,SUBJ-4245-6C90,0.1110,1.0000,0.1038,75.00,1
1790952117601,SUBJ-4245-6C90,0.1110,1.0000,0.1038,75.00,1
1790952119088,SUBJ-4245-6C90,0.1110,1.0000,0.1038,75.00,1
1790952120592,SUBJ-4245-6C90,0.1110,1.0000,0.1038,75.00,1
1790952122097,SUBJ-4245-6C90,0.1110,1.0000,0.1038,75.00,1
1790952123601,SUBJ-4245-6C90,0.1110,1.0000,0.1038,75.00,1
1790952125088,SUBJ-4245-6C90,0.1110,1.0000,0.1038,75.00,1
1790952126592,SUBJ-4245-6C90,0.1110,1.0000,0.1038,75.00,1
1790952128096,SUBJ-4245-6C90,0.1110,1.0000,0.1038,75.00,1
1790952129601,SUBJ-4245-6C90,0.1110,1.0000,0.1038,75.00,1
1790952131088,SUBJ-4245-6C90,0.1110,1.0000,0.1038,75.00,1
1790952132592,SUBJ-4245-6C90,0.1110,1.0000,0.1038,75.00,1
1790952134096,SUBJ-4245-6C90,0.1110,1.0000,0.1038,75.00,1
1790952135600,SUBJ-4245-6C90,0.1110,1.0000,0.1038,75.00,1
1790952137104,SUBJ-4245-6C90,0.1110,1.0000,0.1038,75.00,1
1790952138592,SUBJ-4245-6C90,0.1110,1.0000,0.1038,75.00,1
1790952140097,SUBJ-4245-6C90,0.1110,1.0000,0.1038,75.00,1
1790952141601,SUBJ-4245-6C90,0.1110,1.0000,0.1038,75.00,1
1790952143104,SUBJ-4245-6C90,0.1110,1.0000,0.1038,75.00,1
1790952144592,SUBJ-4245-6C90,0.1110,1.0000,0.1038,75.00,1
1790952146097,SUBJ-4245-6C90,0.1110,1.0000,0.1038,75.00,1
1790952147648,SUBJ-4245-6C90,0.1110,1.0000,0.1038,75.00,1
1790952149152,SUBJ-4245-6C90,0.1110,1.0000,0.1038,75.00,1
1790952150641,SUBJ-4245-6C90,0.1110,1.0000,0.1038,75.00,1
1790952152144,SUBJ-4245-6C90,0.1110,1.0000,0.1038,75.00,1
1790952153648,SUBJ-4245-6C90,0.1110,1.0000,0.1038,75.00,1
1790952155200,SUBJ-4245-6C90,0.1110,1.0000,0.1038,75.00,1
1790952156705,SUBJ-4245-6C90,0.1110,1.0000,0.1038,75.00,1
1790952158192,SUBJ-4245-6C90,0.1110,1.0000,0.1038,75.00,1
1790952159696,SUBJ-4245-6C90,0.1110,1.0000,0.1038,75.00,1
1790952161200,SUBJ-4245-6C90,0.1110,1.0000,0.1038,75.00,1
1790952162704,SUBJ-4245-6C90,0.1110,1.0000,0.1038,75.00,1
1790952164197,SUBJ-4245-6C90,0.1110,1.0000,0.1038,75.00,1
1790952165746,SUBJ-4245-6C90,0.1110,1.0000,0.1038,75.00,1
1790952167250,SUBJ-4245-6C90,0.1110,1.0000,0.1038,75.00,1
1790952168802,SUBJ-4245-6C90,0.1110,1.0000,0.1038,75.00,1
1790952170319,SUBJ-4245-6C90,0.1110,1.0000,0.1038,75.00,1
1790952171793,SUBJ-4245-6C90,0.1110,1.0000,0.1038,75.00,1
1790952173296,SUBJ-4245-6C90,0.1110,1.0000,0.1038,75.00,1
1790952174898,SUBJ-4245-6C90,0.1110,1.0000,0.1038,75.00,1
1790952176498,SUBJ-4245-6C90,0.1110,1.0000,0.1038,75.00,1
1790952178002,SUBJ-4245-6C90,0.1110,1.0000,0.1038,75.00,1
1790952179560,SUBJ-4245-6C90,0.1110,1.0000,0.1038,75.00,1
1790952181042,SUBJ-4245-6C90,0.1110,1.0000,0.1038,75.00,1
1790952182547,SUBJ-4245-6C90,0.1110,1.0000,0.1038,75.00,1
1790952184144,SUBJ-4245-6C90,0.1110,1.0000,0.1038,75.00,1
1790952185699,SUBJ-4245-6C90,0.1110,1.0000,0.1038,75.00,1
1790952187202,SUBJ-4245-6C90,0.1110,1.0000,0.1038,75.00,1
1790952188709,SUBJ-4245-6C90,0.1110,1.0000,0.1038,75.00,1
1790952190199,SUBJ-4245-6C90,0.1110,1.0000,0.1038,75.00,1
1790952191696,SUBJ-4245-6C90,0.1110,1.0000,0.1038,75.00,1
1790952193206,SUBJ-4245-6C90,0.1110,1.0000,0.1038,75.00,1
1790952194710,SUBJ-4245-6C90,0.1110,1.0000,0.1038,75.00,1
1790952196199,SUBJ-4245-6C90,0.1110,1.0000,0.1038,75.00,1
1790952197696,SUBJ-4245-6C90,0.1110,1.0000,0.1038,75.00,1
1790952199202,SUBJ-4245-6C90,0.1110,1.0000,0.1038,75.00,1
1790952200705,SUBJ-4245-6C90,0.1110,1.0000,0.1038,75.00,1
1790952202241,SUBJ-4245-6C90,0.1110,1.0000,0.1038,75.00,1
1790952203745,SUBJ-4245-6C90,0.1110,1.0000,0.1038,75.00,1
1790952205248,SUBJ-4245-6C90,0.1110,1.0000,0.1038,75.00,1
1790952206753,SUBJ-4245-6C90,0.1110,1.0000,0.1038,75.00,1
1790952208240,SUBJ-4245-6C90,0.1110,1.0000,0.1038,75.00,1
1790952209745,SUBJ-4245-6C90,0.1110,1.0000,0.1038,75.00,1
1790952211296,SUBJ-4245-6C90,0.1110,1.0000,0.1038,75.00,1
1790952212800,SUBJ-4245-6C90,0.1110,1.0000,0.1038,75.00,1
1790952214305,SUBJ-4245-6C90,0.1110,1.0000,0.1038,75.00,1
1790952215792,SUBJ-4245-6C90,0.1110,1.0000,0.1038,75.00,1
1790952217296,SUBJ-4245-6C90,0.1110,1.0000,0.1038,75.00,1
1790952218800,SUBJ-4245-6C90,0.1110,1.0000,0.1038,75.00,1
1790952220308,SUBJ-4245-6C90,0.1110,1.0000,0.1038,75.00,1
1790952221792,SUBJ-4245-6C90,0.1110,1.0000,0.1038,75.00,1
1790952223296,SUBJ-4245-6C90,0.1110,1.0000,0.1038,75.00,1
1790952224800,SUBJ-4245-6C90,0.1110,1.0000,0.1038,75.00,1
1790952226306,SUBJ-4245-6C90,0.1110,1.0000,0.1038,75.00,1
1790952227792,SUBJ-4245-6C90,0.1110,1.0000,0.1038,75.00,1
1790952229296,SUBJ-4245-6C90,0.1110,1.0000,0.1038,75.00,1
1790952230848,SUBJ-4245-6C90,0.1110,1.0000,0.1038,75.00,1
1790952232401,SUBJ-4245-6C90,0.1110,1.0000,0.1038,75.00,1
1790952233904,SUBJ-4245-6C90,0.1110,1.0000,0.1038,75.00,1
1790952235393,SUBJ-4245-6C90,0.1110,1.0000,0.1038,75.00,1
1790952236896,SUBJ-4245-6C90,0.1110,1.0000,0.1038,75.00,1
1790952238498,SUBJ-4245-6C90,0.1110,1.0000,0.1038,75.00,1
1790952240001,SUBJ-4245-6C90,0.1110,1.0000,0.1038,75.00,1
1790952241504,SUBJ-4245-6C90,0.1110,1.0000,0.1038,75.00,1
1790952242992,SUBJ-4245-6C90,0.1110,1.0000,0.1038,75.00,1
1790952244544,SUBJ-4245-6C90,0.1110,1.0000,0.1038,75.00,1
1790952246048,SUBJ-4245-6C90,0.1110,1.0000,0.1038,75.00,1
1790952247606,SUBJ-4245-6C90,0.1110,1.0000,0.1038,75.00,1
1790952249104,SUBJ-4245-6C90,0.1110,1.0000,0.1038,75.00,1
1790952250594,SUBJ-4245-6C90,0.1110,1.0000,0.1038,75.00,1
1790952252096,SUBJ-4245-6C90,0.1110,1.0000,0.1038,75.00,1
1790952253600,SUBJ-4245-6C90,0.1110,1.0000,0.1038,75.00,1
1790952255104,SUBJ-4245-6C90,0.1110,1.0000,0.1038,75.00,1
1790952256593,SUBJ-4245-6C90,0.1110,1.0000,0.1038,75.00,1
1790952258097,SUBJ-4245-6C90,0.1110,1.0000,0.1038,75.00,1
1790952259600,SUBJ-4245-6C90,0.1110,1.0000,0.1038,75.00,1
1790952261105,SUBJ-4245-6C90,0.1110,1.0000,0.1038,75.00,1
1790952262593,SUBJ-4245-6C90,0.1110,1.0000,0.1038,75.00,1
1790952264098,SUBJ-4245-6C90,0.1110,1.0000,0.1038,75.00,1
1790952265601,SUBJ-4245-6C90,0.1110,1.0000,0.1038,75.00,1
1790952267104,SUBJ-4245-6C90,0.1110,1.0000,0.1038,75.00,1
1790952268592,SUBJ-4245-6C90,0.1110,1.0000,0.1038,75.00,1
1790952270144,SUBJ-4245-6C90,0.1110,1.0000,0.1038,75.00,1
1790952271650,SUBJ-4245-6C90,0.1110,1.0000,0.1038,75.00,1
1790952273200,SUBJ-4245-6C90,0.1110,1.0000,0.1038,75.00,1
1790952274704,SUBJ-4245-6C90,0.1110,1.0000,0.1038,75.00,1
1790952276192,SUBJ-4245-6C90,0.1110,1.0000,0.1038,75.00,1
1790952277697,SUBJ-4245-6C90,0.1110,1.0000,0.1038,75.00,1
1790952279200,SUBJ-4245-6C90,0.1110,1.0000,0.1038,75.00,1
1790952280706,SUBJ-4245-6C90,0.1110,1.0000,0.1038,75.00,1
1790952282194,SUBJ-4245-6C90,0.1110,1.0000,0.1038,75.00,1
1790952283698,SUBJ-4245-6C90,0.1110,1.0000,0.1038,75.00,1
1790952285200,SUBJ-4245-6C90,0.1110,1.0000,0.1038,75.00,1
1790952286704,SUBJ-4245-6C90,0.1110,1.0000,0.1038,75.00,1
1790952288193,SUBJ-4245-6C90,0.1110,1.0000,0.1038,75.00,1
1790952289697,SUBJ-4245-6C90,0.1110,1.0000,0.1038,75.00,1
1790952291201,SUBJ-4245-6C90,0.1110,1.0000,0.1038,75.00,1
1790952292706,SUBJ-4245-6C90,0.1110,1.0000,0.1038,75.00,1
1790952294192,SUBJ-4245-6C90,0.1110,1.0000,0.1038,75.00,1
1790952295697,SUBJ-4245-6C90,0.1110,1.0000,0.1038,75.00,1
1790952297200,SUBJ-4245-6C90,0.1110,1.0000,0.1038,75.00,1
1790952298704,SUBJ-4245-6C90,0.1110,1.0000,0.1038,75.00,1
1790952300194,SUBJ-4245-6C90,0.1110,1.0000,0.1038,75.00,1
1790952301697,SUBJ-4245-6C90,0.1110,1.0000,0.1038,75.00,1
1790952303202,SUBJ-4245-6C90,0.1110,1.0000,0.1038,75.00,1
1790952304705,SUBJ-4245-6C90,0.1110,1.0000,0.1038,75.00,1
1790952306194,SUBJ-4245-6C90,0.1110,1.0000,0.1038,75.00,1
1790952307698,SUBJ-4245-6C90,0.1110,1.0000,0.1038,75.00,1
1790952309202,SUBJ-4245-6C90,0.1110,1.0000,0.1038,75.00,1
1790952310705,SUBJ-4245-6C90,0.1110,1.0000,0.1038,75.00,1
1790952312193,SUBJ-4245-6C90,0.1110,1.0000,0.1038,75.00,1
1790952313696,SUBJ-4245-6C90,0.1110,1.0000,0.1038,75.00,1
1790952315202,SUBJ-4245-6C90,0.1110,1.0000,0.1038,75.00,1
1790952316706,SUBJ-4245-6C90,0.1110,1.0000,0.1038,75.00,1
1790952318194,SUBJ-4245-6C90,0.1110,1.0000,0.1038,75.00,1
1790952319697,SUBJ-4245-6C90,0.1110,1.0000,0.1038,75.00,1
1790952321202,SUBJ-4245-6C90,0.1110,1.0000,0.1038,75.00,1
1790952322705,SUBJ-4245-6C90,0.1110,1.0000,0.1038,75.00,1
1790952324193,SUBJ-4245-6C90,0.1110,1.0000,0.1038,75.00,1
1790952325697,SUBJ-4245-6C90,0.1110,1.0000,0.1038,75.00,1
1790952327202,SUBJ-4245-6C90,0.1110,1.0000,0.2146,75.00,1
1790952328706,SUBJ-4245-6C90,0.1110,1.0000,0.2146,75.00,1
1790952330194,SUBJ-4245-6C90,0.1110,1.0000,0.2146,75.00,1
1790952331701,SUBJ-4245-6C90,0.1110,1.0000,0.2146,75.00,1
1790952333202,SUBJ-4245-6C90,0.1110,1.0000,0.3331,74.26,1
1790952334706,SUBJ-4245-6C90,0.1110,1.0000,0.3331,74.26,1
1790952336194,SUBJ-4245-6C90,0.1110,1.0000,0.3331,74.26,1
1790952337698,SUBJ-4245-6C90,0.1110,1.0000,0.3331,74.26,1
1790952339205,SUBJ-4245-6C90,0.1110,1.0000,0.3331,74.26,1
1790952340706,SUBJ-4245-6C90,0.1110,1.0000,0.2636,74.88,1
1790952342193,SUBJ-4245-6C90,0.1110,1.0000,0.2146,75.00,1
1790952343698,SUBJ-4245-6C90,0.1110,1.0000,0.2146,75.00,1
1790952345202,SUBJ-4245-6C90,0.1110,1.0000,0.2146,75.00,1
1790952346706,SUBJ-4245-6C90,0.1110,1.0000,0.2146,75.00,1
1790952348194,SUBJ-4245-6C90,0.1110,1.0000,0.1038,75.00,1
1790952349700,SUBJ-4245-6C90,0.1110,1.0000,0.1038,75.00,1
1790952351202,SUBJ-4245-6C90,0.1110,1.0000,0.1038,75.00,1
1790952352707,SUBJ-4245-6C90,0.1110,1.0000,0.1038,75.00,1
1790952352707,SUBJ-4245-6C90,0.1110,1.0000,0.1038,75.00,1
1790952354259,SUBJ-4245-6C90,0.1110,1.0000,0.1038,75.00,1
1790952355748,SUBJ-4245-6C90,0.1110,1.0000,0.1038,75.00,1
1790952357250,SUBJ-4245-6C90,0.1110,1.0000,0.1038,75.00,1
1790952358755,SUBJ-4245-6C90,0.1110,1.0000,0.1038,75.00,1
1790952360258,SUBJ-4245-6C90,0.1110,1.0000,0.1038,75.00,1
1790952361746,SUBJ-4245-6C90,0.1110,1.0000,0.1038,75.00,1
1790952363251,SUBJ-4245-6C90,0.1110,1.0000,0.1038,75.00,1
1790952364754,SUBJ-4245-6C90,0.1110,1.0000,0.1038,75.00,1
1790952366257,SUBJ-4245-6C90,0.1110,1.0000,0.1038,75.00,1
1790952367745,SUBJ-4245-6C90,0.1110,1.0000,0.1038,75.00,1
1790952369250,SUBJ-4245-6C90,0.1110,1.0000,0.1038,75.00,1
1790952370754,SUBJ-4245-6C90,0.1110,1.0000,0.1038,75.00,1
1790952372305,SUBJ-4245-6C90,0.1110,1.0000,0.1038,75.00,1
1790952373792,SUBJ-4245-6C90,0.1110,1.0000,0.1038,75.00,1
1790952375345,SUBJ-4245-6C90,0.1110,1.0000,0.1038,75.00,1
1790952376848,SUBJ-4245-6C90,0.1110,1.0000,0.1038,75.00,1
1790952378354,SUBJ-4245-6C90,0.1110,1.0000,0.1038,75.00,1
1790952379907,SUBJ-4245-6C90,0.1110,1.0000,0.1038,75.00,1
1790955984488,SUBJ-4245-6C90,0.1110,1.0000,2.2052,57.62,1
1790955986487,SUBJ-4245-6C90,0.1110,1.0000,0.6715,71.25,1
1790955988487,SUBJ-4245-6C90,0.1110,1.0000,0.3975,73.69,1
1790955990488,SUBJ-4245-6C90,0.1110,1.0000,0.2856,74.68,1
1790955992490,SUBJ-4245-6C90,0.1110,1.0000,0.2212,75.00,1
1790955994489,SUBJ-4245-6C90,0.1110,1.0000,0.1816,75.00,1
1790955996552,SUBJ-4245-6C90,0.1110,1.0000,0.1533,75.00,1
1790955998551,SUBJ-4245-6C90,0.1110,1.0000,0.1332,75.00,1
1790956000551,SUBJ-4245-6C90,0.1110,1.0000,0.1173,75.00,1
1790956002615,SUBJ-4245-6C90,0.1110,1.0000,0.1052,75.00,1
1790956004619,SUBJ-4245-6C90,0.1110,1.0000,0.1038,75.00,1
1790956006617,SUBJ-4245-6C90,0.1110,1.0000,0.1038,75.00,1
1790956008619,SUBJ-4245-6C90,0.1110,1.0000,0.1038,75.00,1
1790956010617,SUBJ-4245-6C90,0.1110,1.0000,0.1038,75.00,1
1790956012616,SUBJ-4245-6C90,0.1110,1.0000,0.1038,75.00,1
1790956014617,SUBJ-4245-6C90,0.1110,1.0000,0.1038,75.00,1
1790956016615,SUBJ-4245-6C90,0.1110,1.0000,0.1038,75.00,1
1790956018616,SUBJ-4245-6C90,0.1110,1.0000,0.1038,75.00,1
1790956020614,SUBJ-4245-6C90,0.1110,1.0000,0.1038,75.00,1
1790956022617,SUBJ-4245-6C90,0.1110,1.0000,0.1038,75.00,1
1790956024616,SUBJ-4245-6C90,0.1110,1.0000,0.1038,75.00,1
1790956026616,SUBJ-4245-6C90,0.1110,1.0000,0.1038,75.00,1
1790956028616,SUBJ-4245-6C90,0.1110,1.0000,0.1038,75.00,1
1790956030679,SUBJ-4245-6C90,0.1110,1.0000,0.1038,75.00,1
1790956032680,SUBJ-4245-6C90,0.1110,1.0000,0.1038,75.00,1
1790956034680,SUBJ-4245-6C90,0.1110,1.0000,0.1038,75.00,1
1790956036680,SUBJ-4245-6C90,0.1110,1.0000,0.1038,75.00,1
1790956038680,SUBJ-4245-6C90,0.1110,1.0000,0.1038,75.00,1
1790956040679,SUBJ-4245-6C90,0.1110,1.0000,0.1038,75.00,1
1790956042681,SUBJ-4245-6C90,0.1110,1.0000,0.1038,75.00,1
